lemma,lemma_normalized,pos,gloss,example,example_english,source_url,source_name,flags
abaganhan,abaganhan,adjective,broad-shouldered,,,https://en.wiktionary.org/wiki/abaganhan,wiktionary,
abansada,abansada,adjective,exposed to the wind,,,https://en.wiktionary.org/wiki/abansada,wiktionary,
abang,abang,adjective,window (opening for light and air),,,https://en.wiktionary.org/wiki/abang,wiktionary,
abayan,abayan,adjective,(anatomy) waist,,,https://en.wiktionary.org/wiki/abayan,wiktionary,
abelyana,abelyana,adjective,"brown, hazel",,,https://en.wiktionary.org/wiki/abelyana,wiktionary,
abierto,abierto,adjective,neuter of abiertu,,,https://en.wiktionary.org/wiki/abierto,wiktionary,possible_non_hiligaynon_inflection
ablaw,ablaw,adjective,"friendly, sociable",,,https://en.wiktionary.org/wiki/ablaw,wiktionary,
abo-abo,abo-abo,adjective,"the color of ash, ashen",,,https://en.wiktionary.org/wiki/abo-abo,wiktionary,
abo-abohon,abo-abohon,adjective,"ashen, ash-colored, grey, pale",,,https://en.wiktionary.org/wiki/abo-abohon,wiktionary,
abohon,abohon,adjective,the color grey,,,https://en.wiktionary.org/wiki/abohon,wiktionary,
abong,abong,adjective,(anatomy) top of head,,,https://en.wiktionary.org/wiki/abong,wiktionary,
aborido,aborido,adjective,"disturbed, uneasy, upset, worried",,,https://en.wiktionary.org/wiki/aborido,wiktionary,
aboy,aboy,adjective,spouse,,,https://en.wiktionary.org/wiki/aboy,wiktionary,
absuelto,absuelto,adjective,absolved,,,https://en.wiktionary.org/wiki/absuelto,wiktionary,
abunda,abunda,adjective,inflection of abundar: third-person singular present indicative second-person singular imperative,,,https://en.wiktionary.org/wiki/abunda,wiktionary,possible_non_hiligaynon_inflection
abyerto,abyerto,adjective,open; not closed,,,https://en.wiktionary.org/wiki/abyerto,wiktionary,
adelantado,adelantado,adjective,"(historical) A title bestowed by the king on certain nobles in the 15th-17th centuries, who granted them governorship of a province or charged them with conquering a foreign territory",,,https://en.wiktionary.org/wiki/adelantado,wiktionary,
aga-aga,aga-aga,adjective,diminutive of ága: every morning,,,https://en.wiktionary.org/wiki/aga-aga,wiktionary,
agdayan,agdayan,adjective,lazy,,,https://en.wiktionary.org/wiki/agdayan,wiktionary,
agi-agi,agi-agi,adjective,story,,,https://en.wiktionary.org/wiki/agi-agi,wiktionary,
alabuton,alabuton,adjective,"cranky, eccentric",,,https://en.wiktionary.org/wiki/alabuton,wiktionary,
alan,alan,adjective,Alternative form of alaunt.,,,https://en.wiktionary.org/wiki/alan,wiktionary,
alang-alang,alang-alang,adjective,"immature, inappropriate, inconvenient, unsuitable",,,https://en.wiktionary.org/wiki/alang-alang,wiktionary,
alasoyon,alasoyon,adjective,stately,,,https://en.wiktionary.org/wiki/alasoyon,wiktionary,
alom,alom,adjective,"a tree, Melanolepsis multiglandulosa",,,https://en.wiktionary.org/wiki/alom,wiktionary,
alunga-og,alunga-og,adjective,"(of water) flat, insipid, stagnant, stale, vapid",,,https://en.wiktionary.org/wiki/alunga-og,wiktionary,
amat,amat,adjective,definite nominative/accusative plural of amë,,,https://en.wiktionary.org/wiki/amat,wiktionary,
amaynon,amaynon,adjective,paternal,,,https://en.wiktionary.org/wiki/amaynon,wiktionary,
aminhan,aminhan,adjective,north,,,https://en.wiktionary.org/wiki/aminhan,wiktionary,
amog,amog,adjective,(obsolete) to run amok,,,https://en.wiktionary.org/wiki/amog,wiktionary,
anad,anad,adjective,accustomed to; skilled at; expert in,,,https://en.wiktionary.org/wiki/anad,wiktionary,
ananay,ananay,adjective,"gentle, mild, soft, slow, noiseless, quiet, tranquil, quietly",,,https://en.wiktionary.org/wiki/ananay,wiktionary,
andam,andam,adjective,prepared; ready,,,https://en.wiktionary.org/wiki/andam,wiktionary,
anhing,anhing,adjective,dead; deceased; late,,,https://en.wiktionary.org/wiki/anhing,wiktionary,
antipatiko,antipatiko,adjective,"repugnant, repulsive",,,https://en.wiktionary.org/wiki/antipatiko,wiktionary,
antiyado,antiyado,adjective,buff (color),,,https://en.wiktionary.org/wiki/antiyado,wiktionary,
anyil,anyil,adjective,laundry blue,,,https://en.wiktionary.org/wiki/anyil,wiktionary,
anggid,anggid,adjective,similar,,,https://en.wiktionary.org/wiki/anggid,wiktionary,
anggid-anggid,anggid-anggid,adjective,"diminutive of anggid: nearly alike, similar",,,https://en.wiktionary.org/wiki/anggid-anggid,wiktionary,
apa,apa,adjective,(international standards) ISO 639-2 & ISO 639-5 language code for Southern Athabaskan languages.,,,https://en.wiktionary.org/wiki/apa,wiktionary,
apinas,apinas,adjective,"difficult, scarce, trying",,,https://en.wiktionary.org/wiki/apinas,wiktionary,
arisgado,arisgado,adjective,daring,,,https://en.wiktionary.org/wiki/arisgado,wiktionary,
asoy,asoy,adjective,useful,,,https://en.wiktionary.org/wiki/asoy,wiktionary,
atatayog,atatayog,adjective,useless; up to no good,,,https://en.wiktionary.org/wiki/atatayog,wiktionary,
athag,athag,adjective,"clear, distinct",,,https://en.wiktionary.org/wiki/athag,wiktionary,
atrasado sa pagbayad,atrasado sa pagbayad,adjective,delinquent,,,https://en.wiktionary.org/wiki/atrasado_sa_pagbayad,wiktionary,
ba-og,ba-og,adjective,"gray, grey",,,https://en.wiktionary.org/wiki/ba-og,wiktionary,
baak,baak,adjective,crevice,,,https://en.wiktionary.org/wiki/baak,wiktionary,
baba-an,baba-an,adjective,glib; talkative,,,https://en.wiktionary.org/wiki/baba-an,wiktionary,
babayen-on,babayen-on,adjective,effeminate,,,https://en.wiktionary.org/wiki/babayen-on,wiktionary,
Bacolodnon,bacolodnon,adjective,resident or inhabitant of Bacolod,,,https://en.wiktionary.org/wiki/Bacolodnon,wiktionary,
bag-o,bag-o,adjective,new,,,https://en.wiktionary.org/wiki/bag-o,wiktionary,
bagnas,bagnas,adjective,unripe,,,https://en.wiktionary.org/wiki/bagnas,wiktionary,
bahaw,bahaw,adjective,cold (for food once served hot),,,https://en.wiktionary.org/wiki/bahaw,wiktionary,
bahol,bahol,adjective,"odor, smell, stink",,,https://en.wiktionary.org/wiki/bahol,wiktionary,
bakyas,bakyas,adjective,"(of soil) rocky, stony, barren",,,https://en.wiktionary.org/wiki/bakyas,wiktionary,
balaan,balaan,adjective,sacred; holy,,,https://en.wiktionary.org/wiki/balaan,wiktionary,
balaanon,balaanon,adjective,"(religion) saintly, blessed, holy",,,https://en.wiktionary.org/wiki/balaanon,wiktionary,
balanion,balanion,adjective,magnetic,,,https://en.wiktionary.org/wiki/balanion,wiktionary,
balason,balason,adjective,sandy,,,https://en.wiktionary.org/wiki/balason,wiktionary,
balasubas,balasubas,adjective,one who avoids meeting his obligations,,,https://en.wiktionary.org/wiki/balasubas,wiktionary,
balaynon,balaynon,adjective,"domestic, homely",,,https://en.wiktionary.org/wiki/balaynon,wiktionary,
baldado,baldado,adjective,"crippled, handicapped, maimed",,,https://en.wiktionary.org/wiki/baldado,wiktionary,
balhag,balhag,adjective,"printed, published",,,https://en.wiktionary.org/wiki/balhag,wiktionary,
bali,bali,adjective,offering,,,https://en.wiktionary.org/wiki/bali,wiktionary,
balong,balong,adjective,drunk; intoxicated,,,https://en.wiktionary.org/wiki/balong,wiktionary,
balotanog,balotanog,adjective,"insufficient, unsatisfactory",,,https://en.wiktionary.org/wiki/balotanog,wiktionary,
balung,balung,adjective,bone,,,https://en.wiktionary.org/wiki/balung,wiktionary,
bantog,bantog,adjective,fame,,,https://en.wiktionary.org/wiki/bantog,wiktionary,
bangud sa,bangud sa,adjective,concerning,,,https://en.wiktionary.org/wiki/bangud_sa,wiktionary,
baog,baog,adjective,sterile,,,https://en.wiktionary.org/wiki/baog,wiktionary,
barato,barato,adjective,neuter of baratu,,,https://en.wiktionary.org/wiki/barato,wiktionary,possible_non_hiligaynon_inflection
basa,basa,adjective,The catfish Pangasius bocourti.,,,https://en.wiktionary.org/wiki/basa,wiktionary,
basa-basa,basa-basa,adjective,to leaf through; to peruse; to skim,,,https://en.wiktionary.org/wiki/basa-basa,wiktionary,
basag,basag,adjective,characteristic of the sound of a blown speaker,,,https://en.wiktionary.org/wiki/basag,wiktionary,
basag-ulo,basag-ulo,adjective,"brainless, stupid, silly",,,https://en.wiktionary.org/wiki/basag-ulo,wiktionary,
basta,basta,adjective,"(obsolete outside Spanish/Portuguese/Italian contexts) (that's) enough; stop! c. 1590–1592 (date written), William Shakespeare, “The Taming of the Shrew”, in Mr. William Shakespeares Comedies, Histories, & Tragedies […] (First Folio), London: […] Isaac Iaggard, and Ed[ward] Blount, published 1623, →OCLC, [Act I, scene i], page 212, column 1:Baſta, content thee: for I haue it full.",,,https://en.wiktionary.org/wiki/basta,wiktionary,
bastos,bastos,adjective,plural of basto,,,https://en.wiktionary.org/wiki/bastos,wiktionary,
bat-ol,bat-ol,adjective,"dull, stupid, or obstinate",,,https://en.wiktionary.org/wiki/bat-ol,wiktionary,
batan-on,batan-on,adjective,young,,,https://en.wiktionary.org/wiki/batan-on,wiktionary,
bataon,bataon,adjective,"(Naga, informal) to court",,,https://en.wiktionary.org/wiki/bataon,wiktionary,
batid,batid,adjective,(formal) to know,,,https://en.wiktionary.org/wiki/batid,wiktionary,
batohon,batohon,adjective,"rocky, rugged, stone, stony",,,https://en.wiktionary.org/wiki/batohon,wiktionary,
batok sa kasugoan,batok sa kasugoan,adjective,"unconstitutional, unlawful",,,https://en.wiktionary.org/wiki/batok_sa_kasugoan,wiktionary,
baug,baug,adjective,barren,,,https://en.wiktionary.org/wiki/baug,wiktionary,
baw-as,baw-as,adjective,"(usually said of women) barren, childless",,,https://en.wiktionary.org/wiki/baw-as,wiktionary,
baw-ing,baw-ing,adjective,"(places) deserted, desolate, isolated, far away, lonely, secluded",,,https://en.wiktionary.org/wiki/baw-ing,wiktionary,
bawod,bawod,adjective,"(Metro Cebu, Bohol, Leyte) alternative form of balod (“wave”)",,,https://en.wiktionary.org/wiki/bawod,wiktionary,
bayud,bayud,adjective,"unsteady, shaky, unstable",,,https://en.wiktionary.org/wiki/bayud,wiktionary,
berde,berde,adjective,"A stringed instrument (chordophone) of Bosnian origin, a large guitar-shaped instrument that is played upright, using a plectrum.",,,https://en.wiktionary.org/wiki/berde,wiktionary,
bilog,bilog,adjective,round; circular; spherical,,,https://en.wiktionary.org/wiki/bilog,wiktionary,
binabaye,binabaye,adjective,a rooster with hen feathering,,,https://en.wiktionary.org/wiki/binabaye,wiktionary,
binaboy,binaboy,adjective,"hoggish, piggish",,,https://en.wiktionary.org/wiki/binaboy,wiktionary,
binata,binata,adjective,"juvenile, immature, puerile, childish",,,https://en.wiktionary.org/wiki/binata,wiktionary,
Binisaya,binisaya,adjective,Visayan,,,https://en.wiktionary.org/wiki/Binisaya,wiktionary,
binulan,binulan,adjective,monthly,,,https://en.wiktionary.org/wiki/binulan,wiktionary,
bingaw,bingaw,adjective,broken,,,https://en.wiktionary.org/wiki/bingaw,wiktionary,
birhin,birhin,adjective,virgin,,,https://en.wiktionary.org/wiki/birhin,wiktionary,
Bisaya,bisaya,adjective,An indigenous people of Borneo.,,,https://en.wiktionary.org/wiki/Bisaya,wiktionary,
bitas,bitas,adjective,to rip; to tear apart,,,https://en.wiktionary.org/wiki/bitas,wiktionary,
bitayan,bitayan,adjective,gallows; gibbet; scaffold,,,https://en.wiktionary.org/wiki/bitayan,wiktionary,
bokhon,bokhon,adjective,hairy,,,https://en.wiktionary.org/wiki/bokhon,wiktionary,
bug-at,bug-at,adjective,heavy Antonym: gaan,,,https://en.wiktionary.org/wiki/bug-at,wiktionary,
bug-os,bug-os,adjective,"complete, whole",,,https://en.wiktionary.org/wiki/bug-os,wiktionary,
bugal,bugal,adjective,arrogant,,,https://en.wiktionary.org/wiki/bugal,wiktionary,
buggaitan,buggaitan,adjective,"prominent, famous, outstanding, excelling, excellent, surpassing others in skill, the best of its kind",,,https://en.wiktionary.org/wiki/buggaitan,wiktionary,
bugnaw,bugnaw,adjective,"cold, cool",,,https://en.wiktionary.org/wiki/bugnaw,wiktionary,
buhaha,buhaha,adjective,"heedless, lavish, prodigal, wasteful",,,https://en.wiktionary.org/wiki/buhaha,wiktionary,
buhat,buhat,adjective,raise; lift; act of picking up something heavy,,,https://en.wiktionary.org/wiki/buhat,wiktionary,
buhi,buhi,adjective,to live Nabuhi si Hesukristo sa Dominggo sa PagkabanhawJesus rose again on Easter Sunday,,,https://en.wiktionary.org/wiki/buhi,wiktionary,
bukas,bukas,adjective,plural of buka,,,https://en.wiktionary.org/wiki/bukas,wiktionary,
bukidnon,bukidnon,adjective,rural,,,https://en.wiktionary.org/wiki/bukidnon,wiktionary,
bulag,bulag,adjective,to separate; to cause (things or people) to be separate,,,https://en.wiktionary.org/wiki/bulag,wiktionary,
bulahan,bulahan,adjective,lucky; fortunate; blessed,,,https://en.wiktionary.org/wiki/bulahan,wiktionary,
bunayag makig-atubang,bunayag makig-atubang,adjective,genial,,,https://en.wiktionary.org/wiki/bunayag_makig-atubang,wiktionary,
bunayag sing kabubut-on,bunayag sing kabubut-on,adjective,cordial,,,https://en.wiktionary.org/wiki/bunayag_sing_kabubut-on,wiktionary,
bundul,bundul,adjective,"slow, dull, deliberate in action",,,https://en.wiktionary.org/wiki/bundul,wiktionary,
bungul,bungul,adjective,stupid,,,https://en.wiktionary.org/wiki/bungul,wiktionary,
bus-og,bus-og,adjective,"pure, unadulterated,",,,https://en.wiktionary.org/wiki/bus-og,wiktionary,
busgon,busgon,adjective,satiated,,,https://en.wiktionary.org/wiki/busgon,wiktionary,
busong,busong,adjective,pregnant,,,https://en.wiktionary.org/wiki/busong,wiktionary,
busug,busug,adjective,"satiated, satisfied",,,https://en.wiktionary.org/wiki/busug,wiktionary,
busung,busung,adjective,alternative spelling of busong (“pregnant”),,,https://en.wiktionary.org/wiki/busung,wiktionary,
buta,buta,adjective,Alternative form of boteh.,,,https://en.wiktionary.org/wiki/buta,wiktionary,
butad,butad,adjective,to pull,,,https://en.wiktionary.org/wiki/butad,wiktionary,
butok-butok,butok-butok,adjective,diligent,,,https://en.wiktionary.org/wiki/butok-butok,wiktionary,
buung,buung,adjective,"broken, smashed",,,https://en.wiktionary.org/wiki/buung,wiktionary,
daan,daan,adjective,(now rare) old (already used),,,https://en.wiktionary.org/wiki/daan,wiktionary,
dagaang,dagaang,adjective,"red, scarlet",,,https://en.wiktionary.org/wiki/dagaang,wiktionary,
dagangdang,dagangdang,adjective,"red, scarlet",,,https://en.wiktionary.org/wiki/dagangdang,wiktionary,
daginit,daginit,adjective,"(of wind) gentle, soft, mild, tender, warm",,,https://en.wiktionary.org/wiki/daginit,wiktionary,
dagway nga makahuhuya,dagway nga makahuhuya,adjective,shabby,,,https://en.wiktionary.org/wiki/dagway_nga_makahuhuya,wiktionary,
daku,daku,adjective,(anatomy) back,,,https://en.wiktionary.org/wiki/daku,wiktionary,
daku kaayo,daku kaayo,adjective,very big,,,https://en.wiktionary.org/wiki/daku_kaayo,wiktionary,
daku-daku,daku-daku,adjective,diminutive of daku,,,https://en.wiktionary.org/wiki/daku-daku,wiktionary,
dalag,dalag,adjective,mudfish,,,https://en.wiktionary.org/wiki/dalag,wiktionary,
dalagku,dalagku,adjective,"big, large",,,https://en.wiktionary.org/wiki/dalagku,wiktionary,
dalamhak,dalamhak,adjective,wayward,,,https://en.wiktionary.org/wiki/dalamhak,wiktionary,
dalang-dalang,dalang-dalang,adjective,astray,,,https://en.wiktionary.org/wiki/dalang-dalang,wiktionary,
dalayawon,dalayawon,adjective,"great, praiseworthy, laudable",,,https://en.wiktionary.org/wiki/dalayawon,wiktionary,
dalisay,dalisay,adjective,pure,,,https://en.wiktionary.org/wiki/dalisay,wiktionary,
dalitan,dalitan,adjective,"poisonous, venomous",,,https://en.wiktionary.org/wiki/dalitan,wiktionary,
dalok,dalok,adjective,"greedy, gluttonous",,,https://en.wiktionary.org/wiki/dalok,wiktionary,
dalum,dalum,adjective,(of depth) deep,,,https://en.wiktionary.org/wiki/dalum,wiktionary,
damak,damak,adjective,"dirty, slovenly, untidy",,,https://en.wiktionary.org/wiki/damak,wiktionary,
dapit,dapit,adjective,regarding; about,,,https://en.wiktionary.org/wiki/dapit,wiktionary,
dasig,dasig,adjective,"(Austria, Switzerland, possibly dated) confused, intimidated (The addition of quotations indicative of this usage is being sought:)",,,https://en.wiktionary.org/wiki/dasig,wiktionary,
delana,delana,adjective,woolen,,,https://en.wiktionary.org/wiki/delana,wiktionary,
dimaisip,dimaisip,adjective,"countless, innumerable",,,https://en.wiktionary.org/wiki/dimaisip,wiktionary,
dimalas,dimalas,adjective,unlucky; unfortunate,,,https://en.wiktionary.org/wiki/dimalas,wiktionary,
dimasaysay,dimasaysay,adjective,"inexplicable, mysterious",,,https://en.wiktionary.org/wiki/dimasaysay,wiktionary,
dimatarung,dimatarung,adjective,dishonest,,,https://en.wiktionary.org/wiki/dimatarung,wiktionary,
dimatungkad,dimatungkad,adjective,"bottomless, inscrutable, unfathomable",,,https://en.wiktionary.org/wiki/dimatungkad,wiktionary,
dingot,dingot,adjective,nominative plural of dingo,,,https://en.wiktionary.org/wiki/dingot,wiktionary,
Diosnon,diosnon,adjective,devout,,,https://en.wiktionary.org/wiki/Diosnon,wiktionary,
diosnon,diosnon,adjective,"divine, godly, godlike, pious",,,https://en.wiktionary.org/wiki/diosnon,wiktionary,
dipaha,dipaha,adjective,made of straw,,,https://en.wiktionary.org/wiki/dipaha,wiktionary,
diyotay,diyotay,adjective,"little, small",,,https://en.wiktionary.org/wiki/diyotay,wiktionary,
diyutay,diyutay,adjective,"Deprecated, pre-2014 spelling of diyotay.",,,https://en.wiktionary.org/wiki/diyutay,wiktionary,
dorado,dorado,adjective,"A mahi-mahi or dolphinfish (Coryphaena hippurus), fish with a dorsal fin that runs the length of the body, also known for iridescent coloration.",,,https://en.wiktionary.org/wiki/dorado,wiktionary,
dugoon,dugoon,adjective,"bloody, gory",,,https://en.wiktionary.org/wiki/dugoon,wiktionary,
dugus,dugus,adjective,the best part of a thing,,,https://en.wiktionary.org/wiki/dugus,wiktionary,
dumaan,dumaan,adjective,old,,,https://en.wiktionary.org/wiki/dumaan,wiktionary,
dunot,dunot,adjective,decayed; rotten,,,https://en.wiktionary.org/wiki/dunot,wiktionary,
dupak,dupak,adjective,"dirty, foul, obscene, smutty",,,https://en.wiktionary.org/wiki/dupak,wiktionary,
dutan-on,dutan-on,adjective,"earthly, worldly",,,https://en.wiktionary.org/wiki/dutan-on,wiktionary,
enkantado,enkantado,adjective,magical,,,https://en.wiktionary.org/wiki/enkantado,wiktionary,
gabuk,gabuk,adjective,"rotten, decayed, decomposed",,,https://en.wiktionary.org/wiki/gabuk,wiktionary,
gago,gago,adjective,jerk; bastard,,,https://en.wiktionary.org/wiki/gago,wiktionary,
gamay,gamay,adjective,Alternative letter-case form of Gamay.,,,https://en.wiktionary.org/wiki/gamay,wiktionary,
gambal,gambal,adjective,bulky,,,https://en.wiktionary.org/wiki/gambal,wiktionary,
garot,garot,adjective,dense,,,https://en.wiktionary.org/wiki/garot,wiktionary,
gastado,gastado,adjective,past participle of gastar,,,https://en.wiktionary.org/wiki/gastado,wiktionary,
ginsugoran,ginsugoran,adjective,elementary,,,https://en.wiktionary.org/wiki/ginsugoran,wiktionary,
gipak,gipak,adjective,broken,,,https://en.wiktionary.org/wiki/gipak,wiktionary,
gulang,gulang,adjective,mature (fruits) Antonym: linghod,,,https://en.wiktionary.org/wiki/gulang,wiktionary,
gutok,gutok,adjective,"(of a container, clothing, etc.) filled to the point tightness",,,https://en.wiktionary.org/wiki/gutok,wiktionary,
gutom,gutom,adjective,hungry; famished,,,https://en.wiktionary.org/wiki/gutom,wiktionary,
habal,habal,adjective,to mate; to copulate,,,https://en.wiktionary.org/wiki/habal,wiktionary,
halampangan,halampangan,adjective,trifling,,,https://en.wiktionary.org/wiki/halampangan,wiktionary,
halandumon,halandumon,adjective,desirable,,,https://en.wiktionary.org/wiki/halandumon,wiktionary,
halang,halang,adjective,hot; pungent; spicy,,,https://en.wiktionary.org/wiki/halang,wiktionary,
halog,halog,adjective,ample,,,https://en.wiktionary.org/wiki/halog,wiktionary,
handa,handa,adjective,prepared,,,https://en.wiktionary.org/wiki/handa,wiktionary,
hanlug,hanlug,adjective,slippery,,,https://en.wiktionary.org/wiki/hanlug,wiktionary,
hanluk,hanluk,adjective,alternative spelling of hánlug,,,https://en.wiktionary.org/wiki/hanluk,wiktionary,
hangaway,hangaway,adjective,"martial, warlike",,,https://en.wiktionary.org/wiki/hangaway,wiktionary,
hanginan,hanginan,adjective,well-ventilated,,,https://en.wiktionary.org/wiki/hanginan,wiktionary,
haway,haway,adjective,(Wearside) Alternative spelling of howay.,,,https://en.wiktionary.org/wiki/haway,wiktionary,
hinali,hinali,adjective,sudden,,,https://en.wiktionary.org/wiki/hinali,wiktionary,
hinlo,hinlo,adjective,"smooth, level",,,https://en.wiktionary.org/wiki/hinlo,wiktionary,
hipos,hipos,adjective,"to clean up; to collect, to gather",,,https://en.wiktionary.org/wiki/hipos,wiktionary,
hubog,hubog,adjective,drunk; inebriated,,,https://en.wiktionary.org/wiki/hubog,wiktionary,
hubu,hubu,adjective,accusative singular of huba,,,https://en.wiktionary.org/wiki/hubu,wiktionary,
hubug,hubug,adjective,alternative spelling of hubog (“drunk; intoxicated”),,,https://en.wiktionary.org/wiki/hubug,wiktionary,
hugot,hugot,adjective,suicide (usually by a hangman's noose around one's neck),,,https://en.wiktionary.org/wiki/hugot,wiktionary,
hugut,hugut,adjective,tight,,,https://en.wiktionary.org/wiki/hugut,wiktionary,
ignorante,ignorante,adjective,ignorant,,,https://en.wiktionary.org/wiki/ignorante,wiktionary,
isa pa,isa pa,adjective,"likewise, plus",,,https://en.wiktionary.org/wiki/isa_pa,wiktionary,
itom,itom,adjective,black (color/colour),,,https://en.wiktionary.org/wiki/itom,wiktionary,
kabanyagaan,kabanyagaan,adjective,"mean, malicious, vile, wicked",,,https://en.wiktionary.org/wiki/kabanyagaan,wiktionary,
kabangis,kabangis,adjective,"fierceness, ferocity",,,https://en.wiktionary.org/wiki/kabangis,wiktionary,
kabataon,kabataon,adjective,young,,,https://en.wiktionary.org/wiki/kabataon,wiktionary,
kadam-an,kadam-an,adjective,many,,,https://en.wiktionary.org/wiki/kadam-an,wiktionary,
kadiotay,kadiotay,adjective,small,,,https://en.wiktionary.org/wiki/kadiotay,wiktionary,
kapid,kapid,adjective,nominative plural of kapp,,,https://en.wiktionary.org/wiki/kapid,wiktionary,
katalaka,katalaka,adjective,"annoying, bothersome",,,https://en.wiktionary.org/wiki/katalaka,wiktionary,
Katsila,katsila,adjective,Spanish,,,https://en.wiktionary.org/wiki/Katsila,wiktionary,
laba,laba,adjective,length (measurement),,,https://en.wiktionary.org/wiki/laba,wiktionary,
lamokon,lamokon,adjective,filled with mosquitoes,,,https://en.wiktionary.org/wiki/lamokon,wiktionary,
lanog,lanog,adjective,"weal; bruise, black eye",,,https://en.wiktionary.org/wiki/lanog,wiktionary,
lapuyot,lapuyot,adjective,"thick, condensed, coagulated",,,https://en.wiktionary.org/wiki/lapuyot,wiktionary,
law-ay,law-ay,adjective,vulgar; debased,,,https://en.wiktionary.org/wiki/law-ay,wiktionary,
lipay,lipay,adjective,(Naga) caterpillar,,,https://en.wiktionary.org/wiki/lipay,wiktionary,
lunangon,lunangon,adjective,muddy,,,https://en.wiktionary.org/wiki/lunangon,wiktionary,
maagol,maagol,adjective,"lazy, indolent, idle",,,https://en.wiktionary.org/wiki/maagol,wiktionary,
maalam,maalam,adjective,"learned, clever, wise",,,https://en.wiktionary.org/wiki/maalam,wiktionary,
maalwan,maalwan,adjective,generous,,,https://en.wiktionary.org/wiki/maalwan,wiktionary,
maambas,maambas,adjective,expensive or wasteful,,,https://en.wiktionary.org/wiki/maambas,wiktionary,
maambong,maambong,adjective,nice,,,https://en.wiktionary.org/wiki/maambong,wiktionary,
maantod,maantod,adjective,alternative form of maangtod (“burned”),,,https://en.wiktionary.org/wiki/maantod,wiktionary,
maanyag,maanyag,adjective,attractive; pretty; good-looking,,,https://en.wiktionary.org/wiki/maanyag,wiktionary,
maanghit,maanghit,adjective,smelling like a goat,,,https://en.wiktionary.org/wiki/maanghit,wiktionary,
maaslum,maaslum,adjective,sour,,,https://en.wiktionary.org/wiki/maaslum,wiktionary,
maayo,maayo,adjective,"good, nice maayo kaayo ― very good responsible skillful, competent beneficial satisfying, pleasant healthful",,,https://en.wiktionary.org/wiki/maayo,wiktionary,
maayo-ayo,maayo-ayo,adjective,"beautiful, seemly, pretty",,,https://en.wiktionary.org/wiki/maayo-ayo,wiktionary,
mabahaw,mabahaw,adjective,"stale, old",,,https://en.wiktionary.org/wiki/mabahaw,wiktionary,
mabangis,mabangis,adjective,ferocious; wild; cruel; mean,,,https://en.wiktionary.org/wiki/mabangis,wiktionary,
mabasa,mabasa,adjective,(Naga) to get wet; to get covered or impregnated with any liquid,,,https://en.wiktionary.org/wiki/mabasa,wiktionary,
mabaskug,mabaskug,adjective,loud,,,https://en.wiktionary.org/wiki/mabaskug,wiktionary,
mabinantayon,mabinantayon,adjective,watchful,,,https://en.wiktionary.org/wiki/mabinantayon,wiktionary,
mabug-at,mabug-at,adjective,heavy,,,https://en.wiktionary.org/wiki/mabug-at,wiktionary,
mabulakon,mabulakon,adjective,abounding in flowers,,,https://en.wiktionary.org/wiki/mabulakon,wiktionary,
madali,madali,adjective,quickly; hurriedly; rushingly Madali siyang naghali sa trabaho para magduman sa saiyang aki na nasa ospital.S/he quickly left from work to go to the hospital where her child is confined.,,,https://en.wiktionary.org/wiki/madali,wiktionary,
madanlog,madanlog,adjective,"elusive, or slippery",,,https://en.wiktionary.org/wiki/madanlog,wiktionary,
maduyug,maduyug,adjective,attracted,,,https://en.wiktionary.org/wiki/maduyug,wiktionary,
maganas,maganas,adjective,"tasteless, insipid Antonym: marabó",,,https://en.wiktionary.org/wiki/maganas,wiktionary,
magarot,magarot,adjective,"noisy, boisterous",,,https://en.wiktionary.org/wiki/magarot,wiktionary,
mahagup,mahagup,adjective,"tame, docile, gentle",,,https://en.wiktionary.org/wiki/mahagup,wiktionary,
maidlak,maidlak,adjective,glittering or sparkling,,,https://en.wiktionary.org/wiki/maidlak,wiktionary,
mainit,mainit,adjective,"hot, sweltering Antonym: malipot",,,https://en.wiktionary.org/wiki/mainit,wiktionary,
mainpolon,mainpolon,adjective,round,,,https://en.wiktionary.org/wiki/mainpolon,wiktionary,
maingol,maingol,adjective,"rare, scarce",,,https://en.wiktionary.org/wiki/maingol,wiktionary,
maitum,maitum,adjective,black,,,https://en.wiktionary.org/wiki/maitum,wiktionary,
makakululba,makakululba,adjective,"intimidating, disconcerting",,,https://en.wiktionary.org/wiki/makakululba,wiktionary,
malipayon,malipayon,adjective,happy Antonym: subo,,,https://en.wiktionary.org/wiki/malipayon,wiktionary,
malolot,malolot,adjective,"affectionate, tender",,,https://en.wiktionary.org/wiki/malolot,wiktionary,
manipis,manipis,adjective,thin,,,https://en.wiktionary.org/wiki/manipis,wiktionary,
mango,mango,adjective,"A tropical Asian fruit tree, Mangifera indica.",,,https://en.wiktionary.org/wiki/mango,wiktionary,
mapait,mapait,adjective,bitter,,,https://en.wiktionary.org/wiki/mapait,wiktionary,
mapiguson,mapiguson,adjective,harsh,,,https://en.wiktionary.org/wiki/mapiguson,wiktionary,
mapinatopatoon,mapinatopatoon,adjective,"creative, imaginative, inventive",,,https://en.wiktionary.org/wiki/mapinatopatoon,wiktionary,
mapinatuboon,mapinatuboon,adjective,"(of soil) good, fertile, productive",,,https://en.wiktionary.org/wiki/mapinatuboon,wiktionary,
marabo,marabo,adjective,"tasty, savoury Antonym: maganás",,,https://en.wiktionary.org/wiki/marabo,wiktionary,
maramig,maramig,adjective,cold,,,https://en.wiktionary.org/wiki/maramig,wiktionary,
mataas,mataas,adjective,"high, tall",,,https://en.wiktionary.org/wiki/mataas,wiktionary,
matahum,matahum,adjective,"beautiful, seemly, pretty",,,https://en.wiktionary.org/wiki/matahum,wiktionary,
matalaw,matalaw,adjective,cowardly,,,https://en.wiktionary.org/wiki/matalaw,wiktionary,
matam-is,matam-is,adjective,sweet,,,https://en.wiktionary.org/wiki/matam-is,wiktionary,
matataas,matataas,adjective,"high, exalted",,,https://en.wiktionary.org/wiki/matataas,wiktionary,
mauswagon,mauswagon,adjective,progressive; advanced usa ka mauswagong lungsoda progressive town,,,https://en.wiktionary.org/wiki/mauswagon,wiktionary,
Negrense,negrense,adjective,A native or inhabitant of the Philippine island of Negros,,,https://en.wiktionary.org/wiki/Negrense,wiktionary,
Passinhon,passinhon,adjective,resident or inhabitant of Passi,,,https://en.wiktionary.org/wiki/Passinhon,wiktionary,
patay,patay,adjective,to kill,,,https://en.wiktionary.org/wiki/patay,wiktionary,
pigaw,pigaw,adjective,"frail, weak",,,https://en.wiktionary.org/wiki/pigaw,wiktionary,
pobre,pobre,adjective,poor; impoverished,,,https://en.wiktionary.org/wiki/pobre,wiktionary,
Pototanon,pototanon,adjective,resident or inhabitant of Pototan,,,https://en.wiktionary.org/wiki/Pototanon,wiktionary,
pulut,pulut,adjective,nominative plural of pulu,,,https://en.wiktionary.org/wiki/pulut,wiktionary,
rami,rami,adjective,plural of ramus,,,https://en.wiktionary.org/wiki/rami,wiktionary,
ramig,ramig,adjective,cold,,,https://en.wiktionary.org/wiki/ramig,wiktionary,
sagahay,sagahay,adjective,overflowing,,,https://en.wiktionary.org/wiki/sagahay,wiktionary,
Sagaynon,sagaynon,adjective,resident or inhabitant of Sagay,,,https://en.wiktionary.org/wiki/Sagaynon,wiktionary,
sagupra,sagupra,adjective,rough,,,https://en.wiktionary.org/wiki/sagupra,wiktionary,
salamwanan,salamwanan,adjective,choosy,,,https://en.wiktionary.org/wiki/salamwanan,wiktionary,
samad,samad,adjective,cut,,,https://en.wiktionary.org/wiki/samad,wiktionary,
saramaylo,saramaylo,adjective,confused,,,https://en.wiktionary.org/wiki/saramaylo,wiktionary,
sidlangan,sidlangan,adjective,east,,,https://en.wiktionary.org/wiki/sidlangan,wiktionary,
sip-onon,sip-onon,adjective,sniveler; sniffler,,,https://en.wiktionary.org/wiki/sip-onon,wiktionary,
sulud,sulud,adjective,nominative plural of sulg,,,https://en.wiktionary.org/wiki/sulud,wiktionary,
tahum,tahum,adjective,"beauty, prettiness, attractiveness",,,https://en.wiktionary.org/wiki/tahum,wiktionary,
tanan,tanan,adjective,"everyone, everything, everybody",,,https://en.wiktionary.org/wiki/tanan,wiktionary,
tanang,tanang,adjective,"overripe, rotten",,,https://en.wiktionary.org/wiki/tanang,wiktionary,
tanhaga,tanhaga,adjective,"extraordinary, marvelous, wonderful",,,https://en.wiktionary.org/wiki/tanhaga,wiktionary,
tarasak,tarasak,adjective,thoughtless; careless,,,https://en.wiktionary.org/wiki/tarasak,wiktionary,
tayoyon,tayoyon,adjective,"continuous, steady, without pause",,,https://en.wiktionary.org/wiki/tayoyon,wiktionary,
tayuyon,tayuyon,adjective,alternative spelling of tayóyon,,,https://en.wiktionary.org/wiki/tayuyon,wiktionary,
tibunog,tibunog,adjective,"fat, plump, stout",,,https://en.wiktionary.org/wiki/tibunog,wiktionary,
tiilan,tiilan,adjective,the lower part of,,,https://en.wiktionary.org/wiki/tiilan,wiktionary,
tilinguhaon,tilinguhaon,adjective,worthwhile,,,https://en.wiktionary.org/wiki/tilinguhaon,wiktionary,
timbolog,timbolog,adjective,"round, spherical",,,https://en.wiktionary.org/wiki/timbolog,wiktionary,
tipolon,tipolon,adjective,accusative singular of tipolo,,,https://en.wiktionary.org/wiki/tipolon,wiktionary,
torpe,torpe,adjective,"dull, silly, slow",,,https://en.wiktionary.org/wiki/torpe,wiktionary,
tuig-tuig,tuig-tuig,adjective,"yearly, annual: happening once a year",,,https://en.wiktionary.org/wiki/tuig-tuig,wiktionary,
tuô,tuô,adjective,right (as in a direction),,,https://en.wiktionary.org/wiki/tu%C3%B4,wiktionary,
utud,utud,adjective,something cut off or broken off,,,https://en.wiktionary.org/wiki/utud,wiktionary,
waay,waay,adjective,without,,,https://en.wiktionary.org/wiki/waay,wiktionary,
wala,wala,adjective,Alternative spelling of wallah.,,,https://en.wiktionary.org/wiki/wala,wiktionary,
amat-amat,amat-amat,adjective,gradually; slowly,,,https://en.wiktionary.org/wiki/amat-amat,wiktionary,
asunto,asunto,adjective,"home, residence; unit, housing unit, dwelling unit; dwelling, domicile, habitation (any place for living, especially one constructed for that purpose)",,,https://en.wiktionary.org/wiki/asunto,wiktionary,
basi,basi,adjective,stale,,,https://en.wiktionary.org/wiki/basi,wiktionary,
bisan,bisan,adjective,although; though; even though; even if,,,https://en.wiktionary.org/wiki/bisan,wiktionary,
buas,buas,adjective,tomorrow,,,https://en.wiktionary.org/wiki/buas,wiktionary,
busa,busa,adjective,"consequently; hence; as a result; therefore, for this reason; ergo",,,https://en.wiktionary.org/wiki/busa,wiktionary,
dali,dali,adjective,"A timber tree (genus Myristica) of Guiana, whose wood is used for staves etc.",,,https://en.wiktionary.org/wiki/dali,wiktionary,
diin,diin,adjective,your (singular),,,https://en.wiktionary.org/wiki/diin,wiktionary,
dira,dira,adjective,"The Arabian cubit, whose value varied by place, time, and item from about 25–75 cm (10 in–2 ft 5½ in).",,,https://en.wiktionary.org/wiki/dira,wiktionary,
dungan,dungan,adjective,simultaneous; coinciding,,,https://en.wiktionary.org/wiki/dungan,wiktionary,
gihapon,gihapon,adjective,"always, as, always, usually",,,https://en.wiktionary.org/wiki/gihapon,wiktionary,
gilayon,gilayon,adjective,again,,,https://en.wiktionary.org/wiki/gilayon,wiktionary,
indi,indi,adjective,now Nə vaxt gedək yanına? İndi yoxsa sonra?When shall we go visit him/her? Now or later?,,,https://en.wiktionary.org/wiki/indi,wiktionary,
karon,karon,adjective,now Antonym: unya,,,https://en.wiktionary.org/wiki/karon,wiktionary,
ngaa,ngaa,adjective,cloud,,,https://en.wiktionary.org/wiki/ngaa,wiktionary,
subong,subong,adjective,now,,,https://en.wiktionary.org/wiki/subong,wiktionary,
upod,upod,adjective,"too, also, as well as",,,https://en.wiktionary.org/wiki/upod,wiktionary,
apang,apang,adjective,but,,,https://en.wiktionary.org/wiki/apang,wiktionary,
buot,buot,adjective,to rub,,,https://en.wiktionary.org/wiki/buot,wiktionary,
a-a,a-a,determiner,Alternative form of aa.,,,https://en.wiktionary.org/wiki/a-a,wiktionary,
aba-a,aba-a,determiner,oh,,,https://en.wiktionary.org/wiki/aba-a,wiktionary,
abaa,abaa,determiner,"(archaic, British slang) Contemptible; vile; silly.",,,https://en.wiktionary.org/wiki/abaa,wiktionary,
abao,abao,determiner,(Biscayan) honeycomb,,,https://en.wiktionary.org/wiki/abao,wiktionary,
adios,adios,determiner,(in Spanish contexts) goodbye,,,https://en.wiktionary.org/wiki/adios,wiktionary,
ahay,ahay,determiner,"an expression of anger, annoyance, disbelief, and/or displeasure, sometimes equivalent to the English come on and oh man",,,https://en.wiktionary.org/wiki/ahay,wiktionary,
hinugay,hinugay,determiner,stop,,,https://en.wiktionary.org/wiki/hinugay,wiktionary,
indi,indi,determiner,now Nə vaxt gedək yanına? İndi yoxsa sonra?When shall we go visit him/her? Now or later?,,,https://en.wiktionary.org/wiki/indi,wiktionary,
itot,itot,determiner,to have sexual intercourse with someone,,,https://en.wiktionary.org/wiki/itot,wiktionary,
maayong aga,maayong aga,determiner,good morning!,,,https://en.wiktionary.org/wiki/maayong_aga,wiktionary,
maayong hapon,maayong hapon,determiner,good afternoon! (from 1PM to 5:59PM),,,https://en.wiktionary.org/wiki/maayong_hapon,wiktionary,
paalam,paalam,determiner,causative of álam,,,https://en.wiktionary.org/wiki/paalam,wiktionary,
salamat gid,salamat gid,determiner,thank you very much!,,,https://en.wiktionary.org/wiki/salamat_gid,wiktionary,
uy,uy,determiner,expression of surprise,,,https://en.wiktionary.org/wiki/uy,wiktionary,
yawa,yawa,determiner,(theology) devil,,,https://en.wiktionary.org/wiki/yawa,wiktionary,
alaypan hayop,alaypan hayop,phrase,zoo,,,https://en.wiktionary.org/wiki/alaypan_hayop,wiktionary,
Amay Namon,amay namon,phrase,(Christianity) Lord's Prayer,,,https://en.wiktionary.org/wiki/Amay_Namon,wiktionary,
amba sang pispis,amba sang pispis,phrase,warbler,,,https://en.wiktionary.org/wiki/amba_sang_pispis,wiktionary,
anak nga babae,anak nga babae,phrase,daughter,,,https://en.wiktionary.org/wiki/anak_nga_babae,wiktionary,
apo nga babae,apo nga babae,phrase,granddaughter,,,https://en.wiktionary.org/wiki/apo_nga_babae,wiktionary,
apo nga lalaki,apo nga lalaki,phrase,grandson,,,https://en.wiktionary.org/wiki/apo_nga_lalaki,wiktionary,
asawa sang hari,asawa sang hari,phrase,queen,,,https://en.wiktionary.org/wiki/asawa_sang_hari,wiktionary,
asugi nga buhi,asugi nga buhi,phrase,quicksilver,,,https://en.wiktionary.org/wiki/asugi_nga_buhi,wiktionary,
atrasado sa pagbayad,atrasado sa pagbayad,phrase,delinquent,,,https://en.wiktionary.org/wiki/atrasado_sa_pagbayad,wiktionary,
Bag-ong Tuig,bag-ong tuig,phrase,New Year's Day,,,https://en.wiktionary.org/wiki/Bag-ong_Tuig,wiktionary,
balahibo sang hayop,balahibo sang hayop,phrase,"fur, sable",,,https://en.wiktionary.org/wiki/balahibo_sang_hayop,wiktionary,
balayan sang sinulatan ukon dinalan,balayan sang sinulatan ukon dinalan,phrase,syntax,,,https://en.wiktionary.org/wiki/balayan_sang_sinulatan_ukon_dinalan,wiktionary,
banas sa higad sang suba,banas sa higad sang suba,phrase,riverside Nagaistar ako banas sa higad sang suba.I live by the riverside.,,,https://en.wiktionary.org/wiki/banas_sa_higad_sang_suba,wiktionary,
bangud sa,bangud sa,phrase,concerning,,,https://en.wiktionary.org/wiki/bangud_sa,wiktionary,
baston ni San Hose,baston ni san hose,phrase,hollyhock,,,https://en.wiktionary.org/wiki/baston_ni_San_Hose,wiktionary,
batok sa kasugoan,batok sa kasugoan,phrase,"unconstitutional, unlawful",,,https://en.wiktionary.org/wiki/batok_sa_kasugoan,wiktionary,
bawod sang mga tudlo,bawod sang mga tudlo,phrase,"wave (literally, bent fingers)",,,https://en.wiktionary.org/wiki/bawod_sang_mga_tudlo,wiktionary,
belada sa eskwelahan,belada sa eskwelahan,phrase,commencement,,,https://en.wiktionary.org/wiki/belada_sa_eskwelahan,wiktionary,
bisan diin,bisan diin,phrase,"everywhere, somewhere, wherever",,,https://en.wiktionary.org/wiki/bisan_diin,wiktionary,
bisan sin-o,bisan sin-o,phrase,"anybody, whoever",,,https://en.wiktionary.org/wiki/bisan_sin-o,wiktionary,
bunayag makig-atubang,bunayag makig-atubang,phrase,genial,,,https://en.wiktionary.org/wiki/bunayag_makig-atubang,wiktionary,
bunayag sing kabubut-on,bunayag sing kabubut-on,phrase,cordial,,,https://en.wiktionary.org/wiki/bunayag_sing_kabubut-on,wiktionary,
dagway nga makahuhuya,dagway nga makahuhuya,phrase,shabby,,,https://en.wiktionary.org/wiki/dagway_nga_makahuhuya,wiktionary,
daku kaayo,daku kaayo,phrase,very big,,,https://en.wiktionary.org/wiki/daku_kaayo,wiktionary,
de la Cruz,de la cruz,phrase,a common surname from Spanish of religious origin,,,https://en.wiktionary.org/wiki/de_la_Cruz,wiktionary,
de la Torre,de la torre,phrase,"a surname from Spanish, equivalent to Spanish de la Torre, more widely spelled as dela Torre. Generally concentrated in Negros Occidental",,,https://en.wiktionary.org/wiki/de_la_Torre,wiktionary,
de los Reyes,de los reyes,phrase,"a surname from Spanish of religious origin, largely displaced by the spelling delos Reyes",,,https://en.wiktionary.org/wiki/de_los_Reyes,wiktionary,
dela Cruz,dela cruz,phrase,a common Christian surname from Spanish,,,https://en.wiktionary.org/wiki/dela_Cruz,wiktionary,
dela Torre,dela torre,phrase,a surname from Spanish,,,https://en.wiktionary.org/wiki/dela_Torre,wiktionary,
dunang manggad,dunang manggad,phrase,natural resources,,,https://en.wiktionary.org/wiki/dunang_manggad,wiktionary,
dutang panublion,dutang panublion,phrase,patrimony,,,https://en.wiktionary.org/wiki/dutang_panublion,wiktionary,
Espiritu Santo,espiritu santo,phrase,The largest island of Vanuatu.,,,https://en.wiktionary.org/wiki/Espiritu_Santo,wiktionary,
isa pa,isa pa,phrase,"likewise, plus",,,https://en.wiktionary.org/wiki/isa_pa,wiktionary,
maayong aga,maayong aga,phrase,good morning!,,,https://en.wiktionary.org/wiki/maayong_aga,wiktionary,
maayong gab-i,maayong gab-i,phrase,good evening; good night,,,https://en.wiktionary.org/wiki/maayong_gab-i,wiktionary,
maayong hapon,maayong hapon,phrase,good afternoon! (from 1PM to 5:59PM),,,https://en.wiktionary.org/wiki/maayong_hapon,wiktionary,
maghatag sing kinahanglan,maghatag sing kinahanglan,phrase,supply,,,https://en.wiktionary.org/wiki/maghatag_sing_kinahanglan,wiktionary,
napulo'g anum,napulo'g anum,phrase,sixteen,,,https://en.wiktionary.org/wiki/napulo%27g_anum,wiktionary,
napulo'g apat,napulo'g apat,phrase,fourteen,,,https://en.wiktionary.org/wiki/napulo%27g_apat,wiktionary,
napulo'g duha,napulo'g duha,phrase,"Deprecated, pre-2014 spelling of napulog duha.",,,https://en.wiktionary.org/wiki/napulo%27g_duha,wiktionary,
napulo'g isa,napulo'g isa,phrase,eleven,,,https://en.wiktionary.org/wiki/napulo%27g_isa,wiktionary,
napulo'g lima,napulo'g lima,phrase,"Deprecated, pre-2014 spelling of napulog lima.",,,https://en.wiktionary.org/wiki/napulo%27g_lima,wiktionary,
napulo'g pito,napulo'g pito,phrase,"Deprecated, pre-2014 spelling of napulog pito.",,,https://en.wiktionary.org/wiki/napulo%27g_pito,wiktionary,
napulo'g siyam,napulo'g siyam,phrase,"Deprecated, pre-2014 spelling of napulog siyam.",,,https://en.wiktionary.org/wiki/napulo%27g_siyam,wiktionary,
napulo'g tatlo,napulo'g tatlo,phrase,thirteen,,,https://en.wiktionary.org/wiki/napulo%27g_tatlo,wiktionary,
napulo'g walo,napulo'g walo,phrase,"Deprecated, pre-2014 spelling of napulog walo.",,,https://en.wiktionary.org/wiki/napulo%27g_walo,wiktionary,
palangga ta ka,palangga ta ka,phrase,I love you,,,https://en.wiktionary.org/wiki/palangga_ta_ka,wiktionary,
salamat gid,salamat gid,phrase,thank you very much!,,,https://en.wiktionary.org/wiki/salamat_gid,wiktionary,
Sofronio Española,sofronio española,phrase,"A municipality of Palawan, Philippines. Meronyms: Abo-abo, Iraray, Isumbo, Labog, Panitian, Pulot Center, Pulot Interior, Pulot Shore, Punang — barangays of Sofronio Española Coordinate terms: Aborlan, Agutaya, Araceli, Balabac, Bataraza, Brooke's Point, Busuanga, Cagayancillo, Coron, Culion, Cuyo, Dumaran, El Nido, Kalayaan, Linapacan, Magsaysay, Narra, Quezon, Rizal, Roxas, San Vicente, Sofronio Española, Taytay — cities and municipalities of Palawan",,,https://en.wiktionary.org/wiki/Sofronio_Espa%C3%B1ola,wiktionary,
tudlo sang dalaga,tudlo sang dalaga,phrase,a type of banana,,,https://en.wiktionary.org/wiki/tudlo_sang_dalaga,wiktionary,
abad,abad,noun,"well-furnished, well-equipped, well-organized, comfortable",,,https://en.wiktionary.org/wiki/abad,wiktionary,
abadesa,abadesa,noun,abbess,,,https://en.wiktionary.org/wiki/abadesa,wiktionary,
abadia,abadia,noun,abbey,,,https://en.wiktionary.org/wiki/abadia,wiktionary,
abaga,abaga,noun,(anatomy) shoulder,,,https://en.wiktionary.org/wiki/abaga,wiktionary,
abaka,abaka,noun,Alternative spelling of abaca.,,,https://en.wiktionary.org/wiki/abaka,wiktionary,
abakahan,abakahan,noun,someone or something abundant in abaca plants,,,https://en.wiktionary.org/wiki/abakahan,wiktionary,
abakan,abakan,noun,a small fish of a reddish color,,,https://en.wiktionary.org/wiki/abakan,wiktionary,
abaniko,abaniko,noun,hand fan,,,https://en.wiktionary.org/wiki/abaniko,wiktionary,
abano,abano,noun,a Havana cigar,,,https://en.wiktionary.org/wiki/abano,wiktionary,
abas,abas,noun,A cutaneous disease; the scald-head. porrigo,,,https://en.wiktionary.org/wiki/abas,wiktionary,
abelyana,abelyana,noun,"brown, hazel",,,https://en.wiktionary.org/wiki/abelyana,wiktionary,
abi-abi,abi-abi,noun,greeting; salutation,,,https://en.wiktionary.org/wiki/abi-abi,wiktionary,
abian,abian,noun,"underway, running",,,https://en.wiktionary.org/wiki/abian,wiktionary,
abilay,abilay,noun,beef jerky,,,https://en.wiktionary.org/wiki/abilay,wiktionary,
abilidad,abilidad,noun,ability; capability,,,https://en.wiktionary.org/wiki/abilidad,wiktionary,
abiogan,abiogan,noun,archaic spelling of abyogan,,,https://en.wiktionary.org/wiki/abiogan,wiktionary,
abir,abir,noun,(India) An aromatic red powder that is used during the Holi festival.[1],,,https://en.wiktionary.org/wiki/abir,wiktionary,
abiso,abiso,noun,advisory; announcement; notice; warning,,,https://en.wiktionary.org/wiki/abiso,wiktionary,
ablang,ablang,noun,"breadth, width",,,https://en.wiktionary.org/wiki/ablang,wiktionary,
ablaw,ablaw,noun,"friendly, sociable",,,https://en.wiktionary.org/wiki/ablaw,wiktionary,
ablay,ablay,noun,shawl,,,https://en.wiktionary.org/wiki/ablay,wiktionary,
abogado,abogado,noun,Counsel; advisor; councilor; barrister.,,,https://en.wiktionary.org/wiki/abogado,wiktionary,
abohan,abohan,noun,a dirty kitchen,,,https://en.wiktionary.org/wiki/abohan,wiktionary,
abokado,abokado,noun,avocado,,,https://en.wiktionary.org/wiki/abokado,wiktionary,
abono,abono,noun,second-person singular imperative of abonoj,,,https://en.wiktionary.org/wiki/abono,wiktionary,
abongho,abongho,noun,"anger, exasperation",,,https://en.wiktionary.org/wiki/abongho,wiktionary,
aborto,aborto,noun,"abortion, miscarriage",,,https://en.wiktionary.org/wiki/aborto,wiktionary,
aboy-aboy,aboy-aboy,noun,diminutive of abóy,,,https://en.wiktionary.org/wiki/aboy-aboy,wiktionary,
abrigana,abrigana,noun,apéritif,,,https://en.wiktionary.org/wiki/abrigana,wiktionary,
abrigo,abrigo,noun,(Southern) overcoat,,,https://en.wiktionary.org/wiki/abrigo,wiktionary,
abrilatas,abrilatas,noun,can opener,,,https://en.wiktionary.org/wiki/abrilatas,wiktionary,
absolusyon,absolusyon,noun,(law) acquittal,,,https://en.wiktionary.org/wiki/absolusyon,wiktionary,
absurdo,absurdo,noun,absurd,,,https://en.wiktionary.org/wiki/absurdo,wiktionary,
abtik,abtik,noun,a quick movement of feet or hands; a flourish (dramatic gesture),,,https://en.wiktionary.org/wiki/abtik,wiktionary,
abud,abud,noun,(rare) budding,,,https://en.wiktionary.org/wiki/abud,wiktionary,
abuela,abuela,noun,"A Hispanic grandmother. 2022 February 17, Diane Scholfield, “Letters to the Editor: Is ‘gringo’ offensive? That’s up to the person being called one”, in Los Angeles Times‎[1], Los Angeles, Calif.: Los Angeles Times Communications, →ISSN, →OCLC, archived from the original on 17 February 2022:I, an abuela-aged woman of Northern European ancestry, have lived within 50 miles of the Mexican border most of my life. Mexican culture is part of my life as much as any of my DNA cultures, if not more, and I love it all. 2022 June 22, Mia Moretti, as told to Margaret Rhodes, “Mia Moretti’s Weekend of Wine and Baja Clams in Valle de Guadalupe”, in The Strategist‎[2], New York, N.Y.: New York Media, →ISSN, →OCLC, archived from the original on 22 June 2022:8 a.m. Wake up early for breakfast at an abuela’s house 2022 July 14, Mike Gonzalez, “Democrats are in denial about why they are losing Hispanic voters”, in New York Post‎[3], New York, N.Y.: News Corp, →ISSN, →OCLC, archived from the original on 14 July 2022:[L]ook no further than this week’s surreal exchange between Sen. Josh Hawley and a Berkeley law professor insisting that men can and do get pregnant. Yes, that happened, in a Senate hearing. You say that to an abuela, and the most likely response will be “que?” followed by a quick “adios!” 2024 April 3, Frank Rojas, “‘Carefluencers’ Are Helping Older Loved Ones, and Posting About It”, in The New York Times‎[4], New York, N.Y.: The New York Times Company, →ISSN, →OCLC, archived from the original on 3 April 2024:On the east side of San Jose, Calif., there is an abuela who seems to have more grandchildren than she can count.",,,https://en.wiktionary.org/wiki/abuela,wiktionary,
abuelo,abuelo,noun,(Zamboangueño) grandfather,,,https://en.wiktionary.org/wiki/abuelo,wiktionary,
abusar,abusar,noun,"(intransitive, abusar de) to abuse (use improperly)",,,https://en.wiktionary.org/wiki/abusar,wiktionary,
abuso,abuso,noun,abuse,,,https://en.wiktionary.org/wiki/abuso,wiktionary,
abyan,abyan,noun,companion,,,https://en.wiktionary.org/wiki/abyan,wiktionary,
abyasion,abyasion,noun,aviation,,,https://en.wiktionary.org/wiki/abyasion,wiktionary,
abyogan,abyogan,noun,swing (hanging seat),,,https://en.wiktionary.org/wiki/abyogan,wiktionary,
ad-adan,ad-adan,noun,"slicer, a frame knife",,,https://en.wiktionary.org/wiki/ad-adan,wiktionary,
adelpa,adelpa,noun,Nerium oleander; the only species in the genus Nerium; an evergreen shrub or small tree in the dogbane family Apocynaceae,,,https://en.wiktionary.org/wiki/adelpa,wiktionary,
adgaw,adgaw,noun,"a small hairy tree, Premna odorata",,,https://en.wiktionary.org/wiki/adgaw,wiktionary,
adikdik,adikdik,noun,dandruff,,,https://en.wiktionary.org/wiki/adikdik,wiktionary,
adiong,adiong,noun,a large ship or ark,,,https://en.wiktionary.org/wiki/adiong,wiktionary,
adlaw,adlaw,noun,sun,,,https://en.wiktionary.org/wiki/adlaw,wiktionary,
adlawon,adlawon,noun,full daylight after sunrise is over,,,https://en.wiktionary.org/wiki/adlawon,wiktionary,
administrasyon,administrasyon,noun,"administration, management",,,https://en.wiktionary.org/wiki/administrasyon,wiktionary,
adobi,adobi,noun,inflection of adobar: first/third-person singular present subjunctive third-person singular imperative,,,https://en.wiktionary.org/wiki/adobi,wiktionary,possible_non_hiligaynon_inflection
adorasyon,adorasyon,noun,worship,,,https://en.wiktionary.org/wiki/adorasyon,wiktionary,
adorno,adorno,noun,"A clay ornament attached to a piece of pottery, usually at the rim.",,,https://en.wiktionary.org/wiki/adorno,wiktionary,
adtang,adtang,noun,the forehead,,,https://en.wiktionary.org/wiki/adtang,wiktionary,
aduana,aduana,noun,inflection of aduanar: third-person singular present indicative second-person singular imperative,,,https://en.wiktionary.org/wiki/aduana,wiktionary,possible_non_hiligaynon_inflection
adudulay,adudulay,noun,a large earthworm,,,https://en.wiktionary.org/wiki/adudulay,wiktionary,
agalon,agalon,noun,(dated) a person who oversees and directs the work of others; a boss; a supervisor; a manager,,,https://en.wiktionary.org/wiki/agalon,wiktionary,
aghon,aghon,noun,H-system spelling of aĝon,,,https://en.wiktionary.org/wiki/aghon,wiktionary,
agigising,agigising,noun,(anatomy) temple the fine hairs on the temple,,,https://en.wiktionary.org/wiki/agigising,wiktionary,
agila,agila,noun,eagle,,,https://en.wiktionary.org/wiki/agila,wiktionary,
aginaldo,aginaldo,noun,Christmas present,,,https://en.wiktionary.org/wiki/aginaldo,wiktionary,
agogoling,agogoling,noun,bumblebee,,,https://en.wiktionary.org/wiki/agogoling,wiktionary,
agtang,agtang,noun,the forehead; the part of the face above the eyebrows and below the hairline,,,https://en.wiktionary.org/wiki/agtang,wiktionary,
agwa,agwa,noun,water (only used in set expressions),,,https://en.wiktionary.org/wiki/agwa,wiktionary,
agwatato,agwatato,noun,pimp,,,https://en.wiktionary.org/wiki/agwatato,wiktionary,
ahedres,ahedres,noun,(dated) chess,,,https://en.wiktionary.org/wiki/ahedres,wiktionary,
ahensya,ahensya,noun,alternative form of ahensiya,,,https://en.wiktionary.org/wiki/ahensya,wiktionary,
ahiti,ahiti,noun,leek,,,https://en.wiktionary.org/wiki/ahiti,wiktionary,
ahos,ahos,noun,"garlic (Allium sativum); a plant related to the onion, having a pungent bulb much used in cooking",,,https://en.wiktionary.org/wiki/ahos,wiktionary,
aihada,aihada,noun,goddaughter,,,https://en.wiktionary.org/wiki/aihada,wiktionary,
aihado,aihado,noun,godson,,,https://en.wiktionary.org/wiki/aihado,wiktionary,
akasya,akasya,noun,acacia tree,,,https://en.wiktionary.org/wiki/akasya,wiktionary,
ala-asawa,ala-asawa,noun,"concubine, mistress",,,https://en.wiktionary.org/wiki/ala-asawa,wiktionary,
alabri,alabri,noun,"a key, anything used for the purposes of opening something that is closed",,,https://en.wiktionary.org/wiki/alabri,wiktionary,
alagad,alagad,noun,but; however; yet,,,https://en.wiktionary.org/wiki/alagad,wiktionary,
alagaran,alagaran,noun,third-person plural pluperfect indicative of alagar,,,https://en.wiktionary.org/wiki/alagaran,wiktionary,
alam,alam,noun,"inferior, something or someone that is of a lower standing",,,https://en.wiktionary.org/wiki/alam,wiktionary,
alanyon,alanyon,noun,crop,,,https://en.wiktionary.org/wiki/alanyon,wiktionary,
alang-ang,alang-ang,noun,trivial cold; slight fever,,,https://en.wiktionary.org/wiki/alang-ang,wiktionary,
alasohan,alasohan,noun,chimney,,,https://en.wiktionary.org/wiki/alasohan,wiktionary,
alat,alat,noun,nonstandard form of halat,,,https://en.wiktionary.org/wiki/alat,wiktionary,
alaypan,alaypan,noun,"asylum, nursery",,,https://en.wiktionary.org/wiki/alaypan,wiktionary,
alaypan hayop,alaypan hayop,noun,zoo,,,https://en.wiktionary.org/wiki/alaypan_hayop,wiktionary,
algodon,algodon,noun,cotton,,,https://en.wiktionary.org/wiki/algodon,wiktionary,
alhebra,alhebra,noun,algebra,,,https://en.wiktionary.org/wiki/alhebra,wiktionary,
alibakaw,alibakaw,noun,betel nut,,,https://en.wiktionary.org/wiki/alibakaw,wiktionary,
alibangbang,alibangbang,noun,(Naga) dragonfly,,,https://en.wiktionary.org/wiki/alibangbang,wiktionary,
aligi,aligi,noun,crab fat,,,https://en.wiktionary.org/wiki/aligi,wiktionary,
alimokon,alimokon,noun,pigeon,,,https://en.wiktionary.org/wiki/alimokon,wiktionary,
alimosan,alimosan,noun,mudskipper,,,https://en.wiktionary.org/wiki/alimosan,wiktionary,
alimpulos,alimpulos,noun,a whirlwind; a tornado; a dust devil; a waterspout,,,https://en.wiktionary.org/wiki/alimpulos,wiktionary,
aliwatan,aliwatan,noun,wrist,,,https://en.wiktionary.org/wiki/aliwatan,wiktionary,
alkansiya,alkansiya,noun,piggy bank,,,https://en.wiktionary.org/wiki/alkansiya,wiktionary,
alkitran,alkitran,noun,pitch,,,https://en.wiktionary.org/wiki/alkitran,wiktionary,
almanaki,almanaki,noun,"almanac, calendar",,,https://en.wiktionary.org/wiki/almanaki,wiktionary,
almidon,almidon,noun,starch,,,https://en.wiktionary.org/wiki/almidon,wiktionary,
almohada,almohada,noun,"cushion, pillow",,,https://en.wiktionary.org/wiki/almohada,wiktionary,
almohadon,almohadon,noun,a large cushion or pillow,,,https://en.wiktionary.org/wiki/almohadon,wiktionary,
almon,almon,noun,nowhere,,,https://en.wiktionary.org/wiki/almon,wiktionary,
almoranas,almoranas,noun,(pathology) hemorrhoid,,,https://en.wiktionary.org/wiki/almoranas,wiktionary,
alom,alom,noun,"a tree, Melanolepsis multiglandulosa",,,https://en.wiktionary.org/wiki/alom,wiktionary,
aloy,aloy,noun,termite,,,https://en.wiktionary.org/wiki/aloy,wiktionary,
alpombra,alpombra,noun,carpet,,,https://en.wiktionary.org/wiki/alpombra,wiktionary,
alugbati,alugbati,noun,the Malabar spinach (Basella alba),,,https://en.wiktionary.org/wiki/alugbati,wiktionary,
aluntaga,aluntaga,noun,the rung or step of a ladder,,,https://en.wiktionary.org/wiki/aluntaga,wiktionary,
amapola,amapola,noun,a poppy; any plant of the genus Papaver,,,https://en.wiktionary.org/wiki/amapola,wiktionary,
amay,amay,noun,"(transitive and intransitive, obsolete) to dismay; confound; be dismayed",,,https://en.wiktionary.org/wiki/amay,wiktionary,
amba sang pispis,amba sang pispis,noun,warbler,,,https://en.wiktionary.org/wiki/amba_sang_pispis,wiktionary,
ambahan,ambahan,noun,"chanted verse, characterized by the use of seven-foot lines; by conspicuous lack of loanwords (from Spanish, Tagalog, or Hiligaynon); by many archaic Hanunoo terms; and by being sung always without instrumental accompaniment",,,https://en.wiktionary.org/wiki/ambahan,wiktionary,
ambulansya,ambulansya,noun,ambulance,,,https://en.wiktionary.org/wiki/ambulansya,wiktionary,
amidol,amidol,noun,"The hydrochloride of the amino-phenol 2,4-diaminophenol, used as a photographic developer.",,,https://en.wiktionary.org/wiki/amidol,wiktionary,
amihan,amihan,noun,north,,,https://en.wiktionary.org/wiki/amihan,wiktionary,
aminhan,aminhan,noun,north,,,https://en.wiktionary.org/wiki/aminhan,wiktionary,
amlig,amlig,noun,"care, caution",,,https://en.wiktionary.org/wiki/amlig,wiktionary,
amorokpok,amorokpok,noun,"meteorite, shooting star",,,https://en.wiktionary.org/wiki/amorokpok,wiktionary,
amoy,amoy,noun,small monkey,,,https://en.wiktionary.org/wiki/amoy,wiktionary,
ampis,ampis,noun,the front part of a bahag,,,https://en.wiktionary.org/wiki/ampis,wiktionary,
ampo,ampo,noun,A Javan snack food consisting of thin sticks of baked earth.,,,https://en.wiktionary.org/wiki/ampo,wiktionary,
amumuklid,amumuklid,noun,toadstool,,,https://en.wiktionary.org/wiki/amumuklid,wiktionary,
amyon,amyon,noun,"fragrance, scent, smell",,,https://en.wiktionary.org/wiki/amyon,wiktionary,
anak,anak,noun,"Marks the topic of the clause, sentence, or conversation.",,,https://en.wiktionary.org/wiki/anak,wiktionary,
anak nga babae,anak nga babae,noun,daughter,,,https://en.wiktionary.org/wiki/anak_nga_babae,wiktionary,
anak-anak,anak-anak,noun,an adoptee; an adopted son or daughter,,,https://en.wiktionary.org/wiki/anak-anak,wiktionary,
anay,anay,noun,bandicoot,,,https://en.wiktionary.org/wiki/anay,wiktionary,
andamio,andamio,noun,scaffold,,,https://en.wiktionary.org/wiki/andamio,wiktionary,
anekdota,anekdota,noun,joke,,,https://en.wiktionary.org/wiki/anekdota,wiktionary,
anhel,anhel,noun,"yearning, desire",,,https://en.wiktionary.org/wiki/anhel,wiktionary,
anila,anila,noun,beehive,,,https://en.wiktionary.org/wiki/anila,wiktionary,
aninipot,aninipot,noun,firefly,,,https://en.wiktionary.org/wiki/aninipot,wiktionary,
ankla,ankla,noun,anchor,,,https://en.wiktionary.org/wiki/ankla,wiktionary,
anting-anting,anting-anting,noun,(Philippines) A Filipino amulet or talisman.,,,https://en.wiktionary.org/wiki/anting-anting,wiktionary,
antipara,antipara,noun,"eyeglasses, glasses, spectacles",,,https://en.wiktionary.org/wiki/antipara,wiktionary,
anghel,anghel,noun,angel,,,https://en.wiktionary.org/wiki/anghel,wiktionary,
anghit,anghit,noun,smell or odor of a goat,,,https://en.wiktionary.org/wiki/anghit,wiktionary,
angkod,angkod,noun,incisor; front teeth,,,https://en.wiktionary.org/wiki/angkod,wiktionary,
angso,angso,noun,odor or stench of urine,,,https://en.wiktionary.org/wiki/angso,wiktionary,
apan,apan,noun,"(fandom slang) A member of an amateur press association. 1990 August, Guy Lillian, “'Tis the Season”, in Mimosa‎[1], number 8, page 4:The greatest apan of all time lives on a quiet old street rising above Hagerstown, Maryland. 1998 October 3, Brown, Rich [Dr Gafia], “Fan Terms (1)”, in rec.arts.sf.fandom‎[2] (Usenet), retrieved 13 June 2018, message-ID <19981003020622.14181.00000964@ng52.aol.com>:Most of the participants in the mundane apas are hobby printers—-and the disdain with which our fandom once viewed Xeroxing of fanzines is but a pale reflection of the way mundane apans have looked upon the mimeo and the ditto as a means of publishing ""papers"" (as they call their amateur publications). 2006 May, Arnie Katz, “The Thin Veneer”, in confuSon‎[3], volume 1, number 4:I immediately began a cutback. I remained an enthusiastic apan, but by the time I gafiated around 1976, I was in only one, FAPA.",,,https://en.wiktionary.org/wiki/apan,wiktionary,
aparador,aparador,noun,cupboard,,,https://en.wiktionary.org/wiki/aparador,wiktionary,
apdo,apdo,noun,gall; bile,,,https://en.wiktionary.org/wiki/apdo,wiktionary,
apendisitis,apendisitis,noun,appendicitis,,,https://en.wiktionary.org/wiki/apendisitis,wiktionary,
apian,apian,noun,Relating to bees.,,,https://en.wiktionary.org/wiki/apian,wiktionary,
apitong,apitong,noun,The medium hardwood tree Dipterocarpus grandiflorus.,,,https://en.wiktionary.org/wiki/apitong,wiktionary,
apo nga babae,apo nga babae,noun,granddaughter,,,https://en.wiktionary.org/wiki/apo_nga_babae,wiktionary,
apo nga lalaki,apo nga lalaki,noun,grandson,,,https://en.wiktionary.org/wiki/apo_nga_lalaki,wiktionary,
apog,apog,noun,(chemistry) lime,,,https://en.wiktionary.org/wiki/apog,wiktionary,
apok,apok,noun,ergative indefinite of apo,,,https://en.wiktionary.org/wiki/apok,wiktionary,
arina,arina,noun,flour,,,https://en.wiktionary.org/wiki/arina,wiktionary,
aritmetika,aritmetika,noun,arithmetic,,,https://en.wiktionary.org/wiki/aritmetika,wiktionary,
aritos,aritos,noun,earring,,,https://en.wiktionary.org/wiki/aritos,wiktionary,
arnibal,arnibal,noun,syrup,,,https://en.wiktionary.org/wiki/arnibal,wiktionary,
aroro,aroro,noun,arrowroot,,,https://en.wiktionary.org/wiki/aroro,wiktionary,
aros,aros,noun,plural of aro,,,https://en.wiktionary.org/wiki/aros,wiktionary,
arpa,arpa,noun,harp (musical instrument),,,https://en.wiktionary.org/wiki/arpa,wiktionary,
arte,arte,noun,indefinite nominative/accusative plural of art,,,https://en.wiktionary.org/wiki/arte,wiktionary,
asawa sang hari,asawa sang hari,noun,queen,,,https://en.wiktionary.org/wiki/asawa_sang_hari,wiktionary,
asero,asero,noun,steel,,,https://en.wiktionary.org/wiki/asero,wiktionary,
asibar,asibar,noun,aloe vera,,,https://en.wiktionary.org/wiki/asibar,wiktionary,
asilo,asilo,noun,"asylum, protection, shelter, refuge",,,https://en.wiktionary.org/wiki/asilo,wiktionary,
asin,asin,noun,salt,,,https://en.wiktionary.org/wiki/asin,wiktionary,
asinan,asinan,noun,third-person plural present indicative of asinar,,,https://en.wiktionary.org/wiki/asinan,wiktionary,
aslang,aslang,noun,chin,,,https://en.wiktionary.org/wiki/aslang,wiktionary,
aslum,aslum,noun,sourness,,,https://en.wiktionary.org/wiki/aslum,wiktionary,
asog,asog,noun,"(historical) in pre-colonial Bicol; an effeminate man, who functions as a village priestess or medium",,,https://en.wiktionary.org/wiki/asog,wiktionary,
asoy,asoy,noun,useful,,,https://en.wiktionary.org/wiki/asoy,wiktionary,
aspalto,aspalto,noun,asphalt,,,https://en.wiktionary.org/wiki/aspalto,wiktionary,
asugi,asugi,noun,mercury,,,https://en.wiktionary.org/wiki/asugi,wiktionary,
asugi nga buhi,asugi nga buhi,noun,quicksilver,,,https://en.wiktionary.org/wiki/asugi_nga_buhi,wiktionary,
asukar,asukar,noun,sugar,,,https://en.wiktionary.org/wiki/asukar,wiktionary,
asunto,asunto,noun,"home, residence; unit, housing unit, dwelling unit; dwelling, domicile, habitation (any place for living, especially one constructed for that purpose)",,,https://en.wiktionary.org/wiki/asunto,wiktionary,
asupre,asupre,noun,sulfur,,,https://en.wiktionary.org/wiki/asupre,wiktionary,
aswang,aswang,noun,A shapeshifting evil creature in Philippine mythology,,,https://en.wiktionary.org/wiki/aswang,wiktionary,
atake,atake,noun,attack,,,https://en.wiktionary.org/wiki/atake,wiktionary,
atatalo,atatalo,noun,caterpillar,,,https://en.wiktionary.org/wiki/atatalo,wiktionary,
atay,atay,noun,(anatomy) liver,,,https://en.wiktionary.org/wiki/atay,wiktionary,
atipalo,atipalo,noun,earwig,,,https://en.wiktionary.org/wiki/atipalo,wiktionary,
atis,atis,noun,sugar apple (Annona squamosa),,,https://en.wiktionary.org/wiki/atis,wiktionary,
atog,atog,noun,(anatomy) glans penis,,,https://en.wiktionary.org/wiki/atog,wiktionary,
atomo,atomo,noun,(physics) atom,,,https://en.wiktionary.org/wiki/atomo,wiktionary,
atop,atop,noun,"On the top of. He sat atop the mountain, waiting for the end of the world. 1960 November, David Morgan, “""Piggyback""—U.S. success story”, in Trains Illustrated, page 684:For example, when trailers containing new automobiles were first piggybacked two areas of potential damage became evident: (1) diesel locomotive exhaust left a film of oil on the new autos; and (2) auto windshields could be scarred or cracked by the metal-tipped ""tell-tales"" which warn men atop trains of oncoming bridges or tunnels.",,,https://en.wiktionary.org/wiki/atop,wiktionary,
atsara,atsara,noun,Alternative spelling of atchara (“Filipino pickle”).,,,https://en.wiktionary.org/wiki/atsara,wiktionary,
awtopsiya,awtopsiya,noun,autopsy,,,https://en.wiktionary.org/wiki/awtopsiya,wiktionary,
ayagan,ayagan,noun,sieve,,,https://en.wiktionary.org/wiki/ayagan,wiktionary,
ayam-ayam,ayam-ayam,noun,ant,,,https://en.wiktionary.org/wiki/ayam-ayam,wiktionary,
ayo,ayo,noun,(slang) A greeting.,,,https://en.wiktionary.org/wiki/ayo,wiktionary,
aypon,aypon,noun,protege,,,https://en.wiktionary.org/wiki/aypon,wiktionary,
ayuda,ayuda,noun,"help, aid",,,https://en.wiktionary.org/wiki/ayuda,wiktionary,
babae,babae,noun,"dame, maid, mistress, girl",,,https://en.wiktionary.org/wiki/babae,wiktionary,
babana,babana,noun,essive singular of baba,,,https://en.wiktionary.org/wiki/babana,wiktionary,
babaye,babaye,noun,woman or girl; female,,,https://en.wiktionary.org/wiki/babaye,wiktionary,
babayi,babayi,noun,woman,,,https://en.wiktionary.org/wiki/babayi,wiktionary,
babaylan,babaylan,noun,A Philippine shaman.,,,https://en.wiktionary.org/wiki/babaylan,wiktionary,
babha,babha,noun,"wound, gash",,,https://en.wiktionary.org/wiki/babha,wiktionary,
baboy,baboy,noun,pig,,,https://en.wiktionary.org/wiki/baboy,wiktionary,
Bacolodnon,bacolodnon,noun,resident or inhabitant of Bacolod,,,https://en.wiktionary.org/wiki/Bacolodnon,wiktionary,
badlu,badlu,noun,phlegm,,,https://en.wiktionary.org/wiki/badlu,wiktionary,
bag-ohan,bag-ohan,noun,"(Daet, Partido, Sorsogon) alternative form of bagohan (“novice”)",,,https://en.wiktionary.org/wiki/bag-ohan,wiktionary,
baga,baga,noun,(anatomy) lung,,,https://en.wiktionary.org/wiki/baga,wiktionary,
bagani,bagani,noun,"(historical) The class of warrior-leaders of various Lumad ethnic groups of the island of Mindanao, Philippines.",,,https://en.wiktionary.org/wiki/bagani,wiktionary,
baganihan,baganihan,noun,hero,,,https://en.wiktionary.org/wiki/baganihan,wiktionary,
bagat-bagat,bagat-bagat,noun,centipede,,,https://en.wiktionary.org/wiki/bagat-bagat,wiktionary,
bagatnan,bagatnan,noun,south,,,https://en.wiktionary.org/wiki/bagatnan,wiktionary,
bagis,bagis,noun,plural of bagi,,,https://en.wiktionary.org/wiki/bagis,wiktionary,
bagol,bagol,noun,numb; insensible,,,https://en.wiktionary.org/wiki/bagol,wiktionary,
bagon,bagon,noun,(rail transport) railroad car (US); railway carriage (UK),,,https://en.wiktionary.org/wiki/bagon,wiktionary,
bagoong,bagoong,noun,A Philippine condiment made from fermented fish or shrimps.,,,https://en.wiktionary.org/wiki/bagoong,wiktionary,
bagrong,bagrong,noun,a roaring sound,,,https://en.wiktionary.org/wiki/bagrong,wiktionary,
bagsat,bagsat,noun,bedbug,,,https://en.wiktionary.org/wiki/bagsat,wiktionary,
bagting,bagting,noun,sound of a bell; chime,,,https://en.wiktionary.org/wiki/bagting,wiktionary,
bagtis,bagtis,noun,mudfish,,,https://en.wiktionary.org/wiki/bagtis,wiktionary,
bagyo,bagyo,noun,"typhoon, tropical cyclone, storm",,,https://en.wiktionary.org/wiki/bagyo,wiktionary,
baha,baha,noun,"(dated) value, price, cost Bunlar nəyin bahasına nail oldu? ― At what cost was this achieved? nəyin bahasına olursa olsun ― no matter what it takes",,,https://en.wiktionary.org/wiki/baha,wiktionary,
bahaw,bahaw,noun,cold (for food once served hot),,,https://en.wiktionary.org/wiki/bahaw,wiktionary,
bahawbahaw,bahawbahaw,noun,ant,,,https://en.wiktionary.org/wiki/bahawbahaw,wiktionary,
bahoy,bahoy,noun,"witch, sorceress",,,https://en.wiktionary.org/wiki/bahoy,wiktionary,
bairan,bairan,noun,a whetstone,,,https://en.wiktionary.org/wiki/bairan,wiktionary,
baka,baka,noun,"(voodoo) An evil spirit in Haitian belief, often in the form of an animal.",,,https://en.wiktionary.org/wiki/baka,wiktionary,
bakalaw,bakalaw,noun,codfish,,,https://en.wiktionary.org/wiki/bakalaw,wiktionary,
bakolod,bakolod,noun,hill; hillock; mound; slope,,,https://en.wiktionary.org/wiki/bakolod,wiktionary,
bakud,bakud,noun,strength,,,https://en.wiktionary.org/wiki/bakud,wiktionary,
bakyas,bakyas,noun,"(of soil) rocky, stony, barren",,,https://en.wiktionary.org/wiki/bakyas,wiktionary,
bal-ag,bal-ag,noun,a metal file,,,https://en.wiktionary.org/wiki/bal-ag,wiktionary,
balaba,balaba,noun,rattan,,,https://en.wiktionary.org/wiki/balaba,wiktionary,
balabag,balabag,noun,impediment,,,https://en.wiktionary.org/wiki/balabag,wiktionary,
balabaw,balabaw,noun,mouse; rat,,,https://en.wiktionary.org/wiki/balabaw,wiktionary,
balagon,balagon,noun,vine,,,https://en.wiktionary.org/wiki/balagon,wiktionary,
balahibo,balahibo,noun,body hair,,,https://en.wiktionary.org/wiki/balahibo,wiktionary,
balahibo sang hayop,balahibo sang hayop,noun,"fur, sable",,,https://en.wiktionary.org/wiki/balahibo_sang_hayop,wiktionary,
balaklon,balaklon,noun,"commodities, goods, wares",,,https://en.wiktionary.org/wiki/balaklon,wiktionary,
balaligya,balaligya,noun,"commodities, goods, merchandise",,,https://en.wiktionary.org/wiki/balaligya,wiktionary,
balanak,balanak,noun,(a kind of fish) mullet,,,https://en.wiktionary.org/wiki/balanak,wiktionary,
balani,balani,noun,plural of balanus,,,https://en.wiktionary.org/wiki/balani,wiktionary,
balangaw,balangaw,noun,rainbow,,,https://en.wiktionary.org/wiki/balangaw,wiktionary,
balangitaw,balangitaw,noun,"(animal) alligator, crocodile",,,https://en.wiktionary.org/wiki/balangitaw,wiktionary,
balaod,balaod,noun,law (body of rules established in a community by its authorities),,,https://en.wiktionary.org/wiki/balaod,wiktionary,
balas,balas,noun,"(archaic, now chiefly attributive) A type of rose-coloured spinel once thought to be a form of ruby.",,,https://en.wiktionary.org/wiki/balas,wiktionary,
balataan,balataan,noun,"(anatomy) uterus, womb",,,https://en.wiktionary.org/wiki/balataan,wiktionary,
balatas,balatas,noun,plural of balata,,,https://en.wiktionary.org/wiki/balatas,wiktionary,
balatian,balatian,noun,feeling; sensitivity,,,https://en.wiktionary.org/wiki/balatian,wiktionary,
balatong,balatong,noun,(Naga) yardlong bean,,,https://en.wiktionary.org/wiki/balatong,wiktionary,
balaw,balaw,noun,shrimp (small),,,https://en.wiktionary.org/wiki/balaw,wiktionary,
balay,balay,noun,(archaic except Sorsogon) house; home,,,https://en.wiktionary.org/wiki/balay,wiktionary,
balayan sang sinulatan ukon dinalan,balayan sang sinulatan ukon dinalan,noun,syntax,,,https://en.wiktionary.org/wiki/balayan_sang_sinulatan_ukon_dinalan,wiktionary,
balde,balde,noun,"bucket, pail",,,https://en.wiktionary.org/wiki/balde,wiktionary,
balhas,balhas,noun,sweat,,,https://en.wiktionary.org/wiki/balhas,wiktionary,
balidha,balidha,noun,law; legislation,,,https://en.wiktionary.org/wiki/balidha,wiktionary,
baligya,baligya,noun,"goods, merchandise",,,https://en.wiktionary.org/wiki/baligya,wiktionary,
balihawog,balihawog,noun,"bolt, latch",,,https://en.wiktionary.org/wiki/balihawog,wiktionary,
balikawang,balikawang,noun,(anatomy) haunch,,,https://en.wiktionary.org/wiki/balikawang,wiktionary,
baliko,baliko,noun,bent,,,https://en.wiktionary.org/wiki/baliko,wiktionary,
balingon,balingon,noun,anchovy,,,https://en.wiktionary.org/wiki/balingon,wiktionary,
balisbisan,balisbisan,noun,eaves,,,https://en.wiktionary.org/wiki/balisbisan,wiktionary,
balising,balising,noun,to relocate; to move something from one place to another,,,https://en.wiktionary.org/wiki/balising,wiktionary,
baliskag,baliskag,noun,vertebra; spine,,,https://en.wiktionary.org/wiki/baliskag,wiktionary,
balita,balita,noun,news,,,https://en.wiktionary.org/wiki/balita,wiktionary,
balitadhan,balitadhan,noun,honeysuckle,,,https://en.wiktionary.org/wiki/balitadhan,wiktionary,
balo,balo,noun,"ruining, spoiling, destruction",,,https://en.wiktionary.org/wiki/balo,wiktionary,
balod,balod,noun,(Sorsogon) wave; undulation,,,https://en.wiktionary.org/wiki/balod,wiktionary,
balota,balota,noun,third-person singular past historic of baloter,,,https://en.wiktionary.org/wiki/balota,wiktionary,
balsamo,balsamo,noun,Mexican logwood (Haematoxylum brasiletto),,,https://en.wiktionary.org/wiki/balsamo,wiktionary,
balunggay,balunggay,noun,"a type of tree, the malunggay or horseradish tree, Moringa oleifera",,,https://en.wiktionary.org/wiki/balunggay,wiktionary,
baluyot,baluyot,noun,sack; bag; pouch; wallet,,,https://en.wiktionary.org/wiki/baluyot,wiktionary,
bana,bana,noun,"(intransitive, Mpakwithi) to climb",,,https://en.wiktionary.org/wiki/bana,wiktionary,
banaag,banaag,noun,beam of light,,,https://en.wiktionary.org/wiki/banaag,wiktionary,
banag-banag,banag-banag,noun,"dawn, daybreak",,,https://en.wiktionary.org/wiki/banag-banag,wiktionary,
banas,banas,noun,present of bani,,,https://en.wiktionary.org/wiki/banas,wiktionary,
banas sa higad sang suba,banas sa higad sang suba,noun,riverside Nagaistar ako banas sa higad sang suba.I live by the riverside.,,,https://en.wiktionary.org/wiki/banas_sa_higad_sang_suba,wiktionary,
banda,banda,noun,"(uncountable) A style of Mexican brass band music, emerged in the 19th century. 2007 January 13, Seth Kugel, “The Sounds of Mexico Hit New York Airwaves”, in The New York Times‎[3], archived from the original on 25 January 2021:With very little fanfare, WZAA had become the first FM station in New York offering a format known as Mexican Regiona, which includes genres like ranchera, banda and norteña music.",,,https://en.wiktionary.org/wiki/banda,wiktionary,
bandeha,bandeha,noun,"platter, plate",,,https://en.wiktionary.org/wiki/bandeha,wiktionary,
bandehado,bandehado,noun,platter,,,https://en.wiktionary.org/wiki/bandehado,wiktionary,
bandera,bandera,noun,flag,,,https://en.wiktionary.org/wiki/bandera,wiktionary,
banhay,banhay,noun,a moderate slope or incline,,,https://en.wiktionary.org/wiki/banhay,wiktionary,
banig,banig,noun,mat,,,https://en.wiktionary.org/wiki/banig,wiktionary,
banka,banka,noun,bank (financial institution),,,https://en.wiktionary.org/wiki/banka,wiktionary,
banlas,banlas,noun,desert,,,https://en.wiktionary.org/wiki/banlas,wiktionary,
bansag,bansag,noun,nickname,,,https://en.wiktionary.org/wiki/bansag,wiktionary,
banta,banta,noun,to warn someone not to do something,,,https://en.wiktionary.org/wiki/banta,wiktionary,
bantay,bantay,noun,attendant,,,https://en.wiktionary.org/wiki/bantay,wiktionary,
bantayan,bantayan,noun,"guard-house, lookout station",,,https://en.wiktionary.org/wiki/bantayan,wiktionary,
bantolinaw,bantolinaw,noun,ebony,,,https://en.wiktionary.org/wiki/bantolinaw,wiktionary,
banwa,banwa,noun,town,,,https://en.wiktionary.org/wiki/banwa,wiktionary,
banwahanon,banwahanon,noun,"related to towns, municipalities or their government; civic",,,https://en.wiktionary.org/wiki/banwahanon,wiktionary,
banyo,banyo,noun,bath (the act of bathing),,,https://en.wiktionary.org/wiki/banyo,wiktionary,
banga,banga,noun,five,,,https://en.wiktionary.org/wiki/banga,wiktionary,
bangdan,bangdan,noun,"cause, reason, motive",,,https://en.wiktionary.org/wiki/bangdan,wiktionary,
bangis,bangis,noun,violence; cruelty,,,https://en.wiktionary.org/wiki/bangis,wiktionary,
bangka,bangka,noun,a canoe; an outrigger canoe or dugout,,,https://en.wiktionary.org/wiki/bangka,wiktionary,
bangkaw,bangkaw,noun,"spear; harpoon (for hunting, killing animals)",,,https://en.wiktionary.org/wiki/bangkaw,wiktionary,
bangkay,bangkay,noun,cadaver; corpse; remains,,,https://en.wiktionary.org/wiki/bangkay,wiktionary,
bangkil,bangkil,noun,(zoology) fang,,,https://en.wiktionary.org/wiki/bangkil,wiktionary,
bangko,bangko,noun,bank,,,https://en.wiktionary.org/wiki/bangko,wiktionary,
banglid,banglid,noun,"elevation, hill",,,https://en.wiktionary.org/wiki/banglid,wiktionary,
bangon,bangon,noun,to get up,,,https://en.wiktionary.org/wiki/bangon,wiktionary,
bapor,bapor,noun,"any craft designed for transportation on water, such as a ship or boat",,,https://en.wiktionary.org/wiki/bapor,wiktionary,
baraha,baraha,noun,playing card,,,https://en.wiktionary.org/wiki/baraha,wiktionary,
barahan,barahan,noun,yardstick,,,https://en.wiktionary.org/wiki/barahan,wiktionary,
barandilya,barandilya,noun,"rail, railing",,,https://en.wiktionary.org/wiki/barandilya,wiktionary,
barangay,barangay,noun,"The smallest local government unit in the Philippines, a subdivision of a city or municipality.",,,https://en.wiktionary.org/wiki/barangay,wiktionary,
barbero,barbero,noun,barber; hairdresser,,,https://en.wiktionary.org/wiki/barbero,wiktionary,
barina,barina,noun,"awl, drill",,,https://en.wiktionary.org/wiki/barina,wiktionary,
bario,bario,noun,barium,,,https://en.wiktionary.org/wiki/bario,wiktionary,
barnis,barnis,noun,lacquer; varnish,,,https://en.wiktionary.org/wiki/barnis,wiktionary,
barong,barong,noun,"A cutting weapon similar to a cleaver, with a thick back and thin razor-like edge, used by the Moros of the Philippines.",,,https://en.wiktionary.org/wiki/barong,wiktionary,
baroto,baroto,noun,"(Philippines, nautical) A small dugout canoe boat from the Philippines, which normally lacks outriggers and is usually used in calm waters.",,,https://en.wiktionary.org/wiki/baroto,wiktionary,
barukan,barukan,noun,(anatomy) bladder,,,https://en.wiktionary.org/wiki/barukan,wiktionary,
basi,basi,noun,stale,,,https://en.wiktionary.org/wiki/basi,wiktionary,
basin,basin,noun,"A wide bowl for washing, sometimes affixed to a wall. c. 1590–1592 (date written), William Shakespeare, “The Taming of the Shrew”, in Mr. William Shakespeares Comedies, Histories, & Tragedies […] (First Folio), London: […] Isaac Iaggard, and Ed[ward] Blount, published 1623, →OCLC, [Act II, scene i]:First, as you know, my house within the cityIs richly furnished with plate and gold,Basins and ewers to lave her dainty hands;",,,https://en.wiktionary.org/wiki/basin,wiktionary,
baskug,baskug,noun,loudness (of noise),,,https://en.wiktionary.org/wiki/baskug,wiktionary,
baso,baso,noun,(slang) Abbreviation of basically. i mean yeah it's baso the same tbh,,,https://en.wiktionary.org/wiki/baso,wiktionary,
basol,basol,noun,blame; reproach,,,https://en.wiktionary.org/wiki/basol,wiktionary,
baston,baston,noun,(heraldry) Obsolete form of baton.,,,https://en.wiktionary.org/wiki/baston,wiktionary,
baston ni San Hose,baston ni san hose,noun,hollyhock,,,https://en.wiktionary.org/wiki/baston_ni_San_Hose,wiktionary,
basura,basura,noun,garbage; waste; rubbish; trash,,,https://en.wiktionary.org/wiki/basura,wiktionary,
bata,bata,noun,"A ceremonial double-headed drum played in triplet in the religion of santería, especially in Cuba and Puerto Rico, originally from the Yoruba of Nigeria. 1990 October 28, Paul Simon, “The Rhythm of the Saints”, in The Coast, Warner Bros.:Two guitars, bata, bass drum and tambourine.",,,https://en.wiktionary.org/wiki/bata,wiktionary,
batad,batad,noun,sorghum,,,https://en.wiktionary.org/wiki/batad,wiktionary,
batakan,batakan,noun,measuring rod; ruler,,,https://en.wiktionary.org/wiki/batakan,wiktionary,
batasan,batasan,noun,manners; etiquette,,,https://en.wiktionary.org/wiki/batasan,wiktionary,
bati-bati,bati-bati,noun,"diminutive of batî; gossip, hearsay, rumor",,,https://en.wiktionary.org/wiki/bati-bati,wiktionary,
batidor,batidor,noun,whisk,,,https://en.wiktionary.org/wiki/batidor,wiktionary,
batiis,batiis,noun,(anatomy) leg,,,https://en.wiktionary.org/wiki/batiis,wiktionary,
batiya,batiya,noun,wood-carved basin; washbowl,,,https://en.wiktionary.org/wiki/batiya,wiktionary,
bato,bato,noun,stone,,,https://en.wiktionary.org/wiki/bato,wiktionary,
batobalani,batobalani,noun,a lodestone,,,https://en.wiktionary.org/wiki/batobalani,wiktionary,
batobato,batobato,noun,the blue sea chub (Kyphosus cinerascens),,,https://en.wiktionary.org/wiki/batobato,wiktionary,
batog,batog,noun,(historical) A rod or cane used for corporal punishment in Russia.,,,https://en.wiktionary.org/wiki/batog,wiktionary,
batok,batok,noun,bark (loud utterance by a dog),,,https://en.wiktionary.org/wiki/batok,wiktionary,
batongmaidlak,batongmaidlak,noun,diamond,,,https://en.wiktionary.org/wiki/batongmaidlak,wiktionary,
batota,batota,noun,singular future passive participle of bati,,,https://en.wiktionary.org/wiki/batota,wiktionary,
batungdaan,batungdaan,noun,"monument (literally, old stone)",,,https://en.wiktionary.org/wiki/batungdaan,wiktionary,
batuta,batuta,noun,baton (stick used by conductors),,,https://en.wiktionary.org/wiki/batuta,wiktionary,
bawod,bawod,noun,"(Metro Cebu, Bohol, Leyte) alternative form of balod (“wave”)",,,https://en.wiktionary.org/wiki/bawod,wiktionary,
bawod sang mga tudlo,bawod sang mga tudlo,noun,"wave (literally, bent fingers)",,,https://en.wiktionary.org/wiki/bawod_sang_mga_tudlo,wiktionary,
bay-ad,bay-ad,noun,(especially of a corpse) supine; lying on its back; reclined,,,https://en.wiktionary.org/wiki/bay-ad,wiktionary,
bayabas,bayabas,noun,guava (tree and fruit),,,https://en.wiktionary.org/wiki/bayabas,wiktionary,
bayad,bayad,noun,to pay,,,https://en.wiktionary.org/wiki/bayad,wiktionary,
bayaw,bayaw,noun,brother-in-law,,,https://en.wiktionary.org/wiki/bayaw,wiktionary,
baybay,baybay,noun,"sand, finely ground rock",,,https://en.wiktionary.org/wiki/baybay,wiktionary,
baybayon,baybayon,noun,beach; coast; shore,,,https://en.wiktionary.org/wiki/baybayon,wiktionary,
bayhon,bayhon,noun,"form, figure, shape",,,https://en.wiktionary.org/wiki/bayhon,wiktionary,
bayo,bayo,noun,(childish) a horse,,,https://en.wiktionary.org/wiki/bayo,wiktionary,
bayo-bayo,bayo-bayo,noun,pulse,,,https://en.wiktionary.org/wiki/bayo-bayo,wiktionary,
bayoon,bayoon,noun,"fabric, textile",,,https://en.wiktionary.org/wiki/bayoon,wiktionary,
beberon,beberon,noun,third-person plural preterite indicative of beber,,,https://en.wiktionary.org/wiki/beberon,wiktionary,
beka,beka,noun,"an ancient Biblical unit of weight, half a shekel",,,https://en.wiktionary.org/wiki/beka,wiktionary,
belada sa eskwelahan,belada sa eskwelahan,noun,commencement,,,https://en.wiktionary.org/wiki/belada_sa_eskwelahan,wiktionary,
belasyon,belasyon,noun,"vigil, wake",,,https://en.wiktionary.org/wiki/belasyon,wiktionary,
bendisyon,bendisyon,noun,"benediction, blessing",,,https://en.wiktionary.org/wiki/bendisyon,wiktionary,
bendita,bendita,noun,holy water,,,https://en.wiktionary.org/wiki/bendita,wiktionary,
bentana,bentana,noun,window,,,https://en.wiktionary.org/wiki/bentana,wiktionary,
berde,berde,noun,"A stringed instrument (chordophone) of Bosnian origin, a large guitar-shaped instrument that is played upright, using a plectrum.",,,https://en.wiktionary.org/wiki/berde,wiktionary,
berso,berso,noun,verse (a poetic form or composition),,,https://en.wiktionary.org/wiki/berso,wiktionary,
bibi,bibi,noun,(India) A grandmother.,,,https://en.wiktionary.org/wiki/bibi,wiktionary,
bibig,bibig,noun,(anatomy) lip,,,https://en.wiktionary.org/wiki/bibig,wiktionary,
bibingka,bibingka,noun,"A rice cake made using rice flour, sugar and coconut milk and wrapped in banana leaves. 2025 January 25, Michael Klein, “Long-awaited Filipino destination finally has an opening date”, in The Philadelphia Inquirer, volume 195, number 239, Philadelphia, Pa., →ISSN, →OCLC, page B9, columns 1 and 4:Nearly two years after starting work on their century-old building on Girard Avenue […] the lechon sisig bowls, ensaymada, and bibingka are expected to roll out of the kitchen starting Feb. 8. […] Besides house-made pastries such as calamansi doughnuts, ensaymada, bibingka, and ube handpies, breakfast options will include the Rich Tita with pork longganisa (a sausage similar to chorizo), egg, and Cooper sharp cheese; […]",,,https://en.wiktionary.org/wiki/bibingka,wiktionary,
bidyiw,bidyiw,noun,"harpoon, spear",,,https://en.wiktionary.org/wiki/bidyiw,wiktionary,
bigki,bigki,noun,edge; rim; bank (of a river),,,https://en.wiktionary.org/wiki/bigki,wiktionary,
bigote,bigote,noun,moustache (hair on upper lip),,,https://en.wiktionary.org/wiki/bigote,wiktionary,
bihag,bihag,noun,captive (one who has been captured),,,https://en.wiktionary.org/wiki/bihag,wiktionary,
bilad,bilad,noun,"(of a book) display, unfold, open",,,https://en.wiktionary.org/wiki/bilad,wiktionary,
bilanggoan,bilanggoan,noun,prison,,,https://en.wiktionary.org/wiki/bilanggoan,wiktionary,
bilas,bilas,noun,co-sibling-in-law,,,https://en.wiktionary.org/wiki/bilas,wiktionary,
bilat,bilat,noun,(informal) A bilateral meeting.,,,https://en.wiktionary.org/wiki/bilat,wiktionary,
bilin,bilin,noun,(biochemistry) Any of various biological pigments formed in many organisms as a metabolic product of certain porphyrins.,,,https://en.wiktionary.org/wiki/bilin,wiktionary,
biling,biling,noun,present participle and gerund of bile,,,https://en.wiktionary.org/wiki/biling,wiktionary,
bilog-bilog,bilog-bilog,noun,diminutive of bilóg,,,https://en.wiktionary.org/wiki/bilog-bilog,wiktionary,
bilogon,bilogon,noun,a cane or cudgel,,,https://en.wiktionary.org/wiki/bilogon,wiktionary,
bilugon,bilugon,noun,alternative spelling of bilogón,,,https://en.wiktionary.org/wiki/bilugon,wiktionary,
binabaye,binabaye,noun,a rooster with hen feathering,,,https://en.wiktionary.org/wiki/binabaye,wiktionary,
binangon,binangon,noun,to rise,,,https://en.wiktionary.org/wiki/binangon,wiktionary,
binhi,binhi,noun,seed,,,https://en.wiktionary.org/wiki/binhi,wiktionary,
binilanggo,binilanggo,noun,prisoner; inmate; convict,,,https://en.wiktionary.org/wiki/binilanggo,wiktionary,
bino,bino,noun,(physics) The superpartner of the gauge boson corresponding to weak hypercharge. The W and Z bosons are electroweakinos: winos and binos.,,,https://en.wiktionary.org/wiki/bino,wiktionary,
binudngan,binudngan,noun,"a handspun cloth, fabric, or textile",,,https://en.wiktionary.org/wiki/binudngan,wiktionary,
binuhatan,binuhatan,noun,"work, deed",,,https://en.wiktionary.org/wiki/binuhatan,wiktionary,
bioleta,bioleta,noun,violet (color),,,https://en.wiktionary.org/wiki/bioleta,wiktionary,
bisan diin,bisan diin,noun,"everywhere, somewhere, wherever",,,https://en.wiktionary.org/wiki/bisan_diin,wiktionary,
bisan sin-o,bisan sin-o,noun,"anybody, whoever",,,https://en.wiktionary.org/wiki/bisan_sin-o,wiktionary,
bisikleta,bisikleta,noun,bicycle,,,https://en.wiktionary.org/wiki/bisikleta,wiktionary,
bisita,bisita,noun,visit,,,https://en.wiktionary.org/wiki/bisita,wiktionary,
biskwit,biskwit,noun,alternative form of biskuwit,,,https://en.wiktionary.org/wiki/biskwit,wiktionary,
bisyo,bisyo,noun,"bad, wicked, naughty, disobedient",,,https://en.wiktionary.org/wiki/bisyo,wiktionary,
bitas,bitas,noun,to rip; to tear apart,,,https://en.wiktionary.org/wiki/bitas,wiktionary,
bitik,bitik,noun,flea,,,https://en.wiktionary.org/wiki/bitik,wiktionary,
bitin,bitin,noun,"a snake; a legless reptile of the sub-order Serpentes with a long, thin body and a fork-shaped tongue",,,https://en.wiktionary.org/wiki/bitin,wiktionary,
bitok,bitok,noun,"any of the parasitic hookworms, roundworms, tapeworms and whipworms in humans and animals",,,https://en.wiktionary.org/wiki/bitok,wiktionary,
bitoon,bitoon,noun,misspelling of bituon,,,https://en.wiktionary.org/wiki/bitoon,wiktionary,
Biyernes,biyernes,noun,Friday,,,https://en.wiktionary.org/wiki/Biyernes,wiktionary,
bobo,bobo,noun,A materialistic person who affects an anti-materialistic persona.,,,https://en.wiktionary.org/wiki/bobo,wiktionary,
bodega,bodega,noun,"A storehouse for maturing wine, a winery.",,,https://en.wiktionary.org/wiki/bodega,wiktionary,
bohawi,bohawi,noun,"cyclone, whirlwind",,,https://en.wiktionary.org/wiki/bohawi,wiktionary,
bohok,bohok,noun,hair,,,https://en.wiktionary.org/wiki/bohok,wiktionary,
bokabularyo,bokabularyo,noun,vocabulary,,,https://en.wiktionary.org/wiki/bokabularyo,wiktionary,
bokbok,bokbok,noun,a type of boring insect,,,https://en.wiktionary.org/wiki/bokbok,wiktionary,
boko-boko,boko-boko,noun,ankle,,,https://en.wiktionary.org/wiki/boko-boko,wiktionary,
bokol,bokol,noun,plural of bakál,,,https://en.wiktionary.org/wiki/bokol,wiktionary,
bola,bola,noun,A throwing weapon made of weights on the ends of a cord.,,,https://en.wiktionary.org/wiki/bola,wiktionary,
bolkan,bolkan,noun,volcano,,,https://en.wiktionary.org/wiki/bolkan,wiktionary,
botones,botones,noun,plural of botón,,,https://en.wiktionary.org/wiki/botones,wiktionary,
budhi,budhi,noun,to betray,,,https://en.wiktionary.org/wiki/budhi,wiktionary,
budiong,budiong,noun,trumpet; horn,,,https://en.wiktionary.org/wiki/budiong,wiktionary,
budyong,budyong,noun,a marine gastropod of the family Strombidae which lives in its own spiral shell,,,https://en.wiktionary.org/wiki/budyong,wiktionary,
bug-at,bug-at,noun,heavy Antonym: gaan,,,https://en.wiktionary.org/wiki/bug-at,wiktionary,
bugas,bugas,noun,"milled rice, white rice",,,https://en.wiktionary.org/wiki/bugas,wiktionary,
bugay,bugay,noun,to give,,,https://en.wiktionary.org/wiki/bugay,wiktionary,
bugkos,bugkos,noun,"bundle, parcel",,,https://en.wiktionary.org/wiki/bugkos,wiktionary,
bugsay,bugsay,noun,"oar, paddle",,,https://en.wiktionary.org/wiki/bugsay,wiktionary,
buhaha,buhaha,noun,"heedless, lavish, prodigal, wasteful",,,https://en.wiktionary.org/wiki/buhaha,wiktionary,
buhat,buhat,noun,raise; lift; act of picking up something heavy,,,https://en.wiktionary.org/wiki/buhat,wiktionary,
buhin,buhin,noun,subtraction,,,https://en.wiktionary.org/wiki/buhin,wiktionary,
buhis,buhis,noun,alternative form of buwis,,,https://en.wiktionary.org/wiki/buhis,wiktionary,
buho,buho,noun,"crevice, hole, opening, perforation, pit, vent",,,https://en.wiktionary.org/wiki/buho,wiktionary,
buho-buho,buho-buho,noun,"diminutive of búhò: a small hole, perforation, or pore",,,https://en.wiktionary.org/wiki/buho-buho,wiktionary,
buhok,buhok,noun,hair (on head),,,https://en.wiktionary.org/wiki/buhok,wiktionary,
bukad,bukad,noun,to expand,,,https://en.wiktionary.org/wiki/bukad,wiktionary,
bukal,bukal,noun,spring (body of water),,,https://en.wiktionary.org/wiki/bukal,wiktionary,
bukana,bukana,noun,mouth (of a river),,,https://en.wiktionary.org/wiki/bukana,wiktionary,
bukaw,bukaw,noun,"the Philippine hawk-owl; a species complex of owls, in the family Strigidae, endemic to the Philippines",,,https://en.wiktionary.org/wiki/bukaw,wiktionary,
bukid,bukid,noun,mountain,,,https://en.wiktionary.org/wiki/bukid,wiktionary,
bukidnon,bukidnon,noun,rural,,,https://en.wiktionary.org/wiki/bukidnon,wiktionary,
bulador,bulador,noun,kite,,,https://en.wiktionary.org/wiki/bulador,wiktionary,
bulak,bulak,noun,An Indian nose ring usually worn by married women.,,,https://en.wiktionary.org/wiki/bulak,wiktionary,
bulak-bulak,bulak-bulak,noun,diminutive of búlak,,,https://en.wiktionary.org/wiki/bulak-bulak,wiktionary,
bulakbol,bulakbol,noun,truancy,,,https://en.wiktionary.org/wiki/bulakbol,wiktionary,
bulalakaw,bulalakaw,noun,"(astronomy) meteorite, shooting star",,,https://en.wiktionary.org/wiki/bulalakaw,wiktionary,
bulan,bulan,noun,moon,,,https://en.wiktionary.org/wiki/bulan,wiktionary,
bulang,bulang,noun,cockfight,,,https://en.wiktionary.org/wiki/bulang,wiktionary,
bulangan,bulangan,noun,cockpit (enclosure for cockfights),,,https://en.wiktionary.org/wiki/bulangan,wiktionary,
bulawan,bulawan,noun,gold (element),,,https://en.wiktionary.org/wiki/bulawan,wiktionary,
bulawanon,bulawanon,noun,"made of, or relating to, gold",,,https://en.wiktionary.org/wiki/bulawanon,wiktionary,
bulbul,bulbul,noun,"Any of several passerine songbirds, of the family Pycnonotidae (currently, 27 genera recognized), native to Africa and Eurasia.",,,https://en.wiktionary.org/wiki/bulbul,wiktionary,
buli,buli,noun,(botany) fluttering elm (Ulmus laevis),,,https://en.wiktionary.org/wiki/buli,wiktionary,
bulig,bulig,noun,a bunch or stem of bananas,,,https://en.wiktionary.org/wiki/bulig,wiktionary,
buling,buling,noun,"dirt, soot, stain",,,https://en.wiktionary.org/wiki/buling,wiktionary,
bulinga,bulinga,noun,the ovary; the lower part of a pistil or carpel that bears ovules and ripens into fruit,,,https://en.wiktionary.org/wiki/bulinga,wiktionary,
bulto,bulto,noun,bale,,,https://en.wiktionary.org/wiki/bulto,wiktionary,
buluadan,buluadan,noun,where animals are bred,,,https://en.wiktionary.org/wiki/buluadan,wiktionary,
buluhatan,buluhatan,noun,workshop,,,https://en.wiktionary.org/wiki/buluhatan,wiktionary,
buluhaton,buluhaton,noun,errand; task,,,https://en.wiktionary.org/wiki/buluhaton,wiktionary,
bulukutan,bulukutan,noun,"enclosure, pen",,,https://en.wiktionary.org/wiki/bulukutan,wiktionary,
bululngan,bululngan,noun,"clinic, hospital, medical center",,,https://en.wiktionary.org/wiki/bululngan,wiktionary,
bululngon,bululngon,noun,sick person,,,https://en.wiktionary.org/wiki/bululngon,wiktionary,
bulunakan,bulunakan,noun,"laundry, laundry room, wash",,,https://en.wiktionary.org/wiki/bulunakan,wiktionary,
bulung,bulung,noun,"drug, medicine",,,https://en.wiktionary.org/wiki/bulung,wiktionary,
bulungan,bulungan,noun,"spindle, spinning wheel",,,https://en.wiktionary.org/wiki/bulungan,wiktionary,
bulus,bulus,noun,the beginning of a flood in a flooded river,,,https://en.wiktionary.org/wiki/bulus,wiktionary,
bulutangan,bulutangan,noun,"holder, rack",,,https://en.wiktionary.org/wiki/bulutangan,wiktionary,
buluthoan,buluthoan,noun,"place of reunion, meetinghouse",,,https://en.wiktionary.org/wiki/buluthoan,wiktionary,
bumulutho,bumulutho,noun,"schoolboy, schoolgirl, student",,,https://en.wiktionary.org/wiki/bumulutho,wiktionary,
bun-ag,bun-ag,noun,birth,,,https://en.wiktionary.org/wiki/bun-ag,wiktionary,
bunang,bunang,noun,"thread, yarn",,,https://en.wiktionary.org/wiki/bunang,wiktionary,
bunit,bunit,noun,"(fishing): angle, hook",,,https://en.wiktionary.org/wiki/bunit,wiktionary,
buntug,buntug,noun,stye,,,https://en.wiktionary.org/wiki/buntug,wiktionary,
bunyag,bunyag,noun,baptism,,,https://en.wiktionary.org/wiki/bunyag,wiktionary,
bungalon,bungalon,noun,the Indian mangrove (Avicennia officinalis),,,https://en.wiktionary.org/wiki/bungalon,wiktionary,
bungansiso,bungansiso,noun,whale,,,https://en.wiktionary.org/wiki/bungansiso,wiktionary,
bunghay,bunghay,noun,a party or group of people,,,https://en.wiktionary.org/wiki/bunghay,wiktionary,
bungil,bungil,noun,harelip,,,https://en.wiktionary.org/wiki/bungil,wiktionary,
bungot,bungot,noun,"facial hair, especially the moustache",,,https://en.wiktionary.org/wiki/bungot,wiktionary,
bungul,bungul,noun,stupid,,,https://en.wiktionary.org/wiki/bungul,wiktionary,
burangos,burangos,noun,beard,,,https://en.wiktionary.org/wiki/burangos,wiktionary,
burus,burus,noun,toothbrush,,,https://en.wiktionary.org/wiki/burus,wiktionary,
busal,busal,noun,(Maasina) thigh,,,https://en.wiktionary.org/wiki/busal,wiktionary,
busay,busay,noun,waterfall,,,https://en.wiktionary.org/wiki/busay,wiktionary,
busilak,busilak,noun,"limestone, marble",,,https://en.wiktionary.org/wiki/busilak,wiktionary,
buslot,buslot,noun,a hole; an opening,,,https://en.wiktionary.org/wiki/buslot,wiktionary,
busol,busol,noun,push,,,https://en.wiktionary.org/wiki/busol,wiktionary,
buta,buta,noun,Alternative form of boteh.,,,https://en.wiktionary.org/wiki/buta,wiktionary,
butakal,butakal,noun,a male pig; a boar kept for breeding purposes Antonym: dulag,,,https://en.wiktionary.org/wiki/butakal,wiktionary,
butang,butang,noun,"that which is considered to exist as a separate entity, object, quality or concept",,,https://en.wiktionary.org/wiki/butang,wiktionary,
butang-butang,butang-butang,noun,"calumny, libel, or slander",,,https://en.wiktionary.org/wiki/butang-butang,wiktionary,
buti,buti,noun,"barrel, cask",,,https://en.wiktionary.org/wiki/buti,wiktionary,
butig,butig,noun,wart,,,https://en.wiktionary.org/wiki/butig,wiktionary,
butigon,butigon,noun,"misleading, sly",,,https://en.wiktionary.org/wiki/butigon,wiktionary,
butiti,butiti,noun,pufferfish,,,https://en.wiktionary.org/wiki/butiti,wiktionary,
butkon,butkon,noun,(anatomy) arm,,,https://en.wiktionary.org/wiki/butkon,wiktionary,
buto,buto,noun,(anatomy) penis,,,https://en.wiktionary.org/wiki/buto,wiktionary,
butwas,butwas,noun,raise something to the surface,,,https://en.wiktionary.org/wiki/butwas,wiktionary,
buyog,buyog,noun,a bumblebee,,,https://en.wiktionary.org/wiki/buyog,wiktionary,
buyug,buyug,noun,wasp,,,https://en.wiktionary.org/wiki/buyug,wiktionary,
daay,daay,noun,a lump of earth,,,https://en.wiktionary.org/wiki/daay,wiktionary,
dabudabu,dabudabu,noun,shower,,,https://en.wiktionary.org/wiki/dabudabu,wiktionary,
dado,dado,noun,(architecture) The section of a pedestal above the base.,,,https://en.wiktionary.org/wiki/dado,wiktionary,
dag-on,dag-on,noun,year,,,https://en.wiktionary.org/wiki/dag-on,wiktionary,
daga,daga,noun,dagger,,,https://en.wiktionary.org/wiki/daga,wiktionary,
dagami,dagami,noun,straw,,,https://en.wiktionary.org/wiki/dagami,wiktionary,
dagangbulan,dagangbulan,noun,March,,,https://en.wiktionary.org/wiki/dagangbulan,wiktionary,
dagas,dagas,noun,lunge,,,https://en.wiktionary.org/wiki/dagas,wiktionary,
dagat,dagat,noun,sea,,,https://en.wiktionary.org/wiki/dagat,wiktionary,
dagaya,dagaya,noun,abundance,,,https://en.wiktionary.org/wiki/dagaya,wiktionary,
dagotdot,dagotdot,noun,debris or refuse on a beach,,,https://en.wiktionary.org/wiki/dagotdot,wiktionary,
dagta,dagta,noun,alternative form of digta (“stain”),,,https://en.wiktionary.org/wiki/dagta,wiktionary,
dagum,dagum,noun,sewing needle,,,https://en.wiktionary.org/wiki/dagum,wiktionary,
daguob,daguob,noun,thunder,,,https://en.wiktionary.org/wiki/daguob,wiktionary,
dagutdut,dagutdut,noun,alternative spelling of dagótdot,,,https://en.wiktionary.org/wiki/dagutdut,wiktionary,
dagway,dagway,noun,face,,,https://en.wiktionary.org/wiki/dagway,wiktionary,
dahog,dahog,noun,"shoot, tendril",,,https://en.wiktionary.org/wiki/dahog,wiktionary,
dahon,dahon,noun,leaf,,,https://en.wiktionary.org/wiki/dahon,wiktionary,
dahon-dahon,dahon-dahon,noun,"mantis, praying mantis",,,https://en.wiktionary.org/wiki/dahon-dahon,wiktionary,
dakbanwa,dakbanwa,noun,city,,,https://en.wiktionary.org/wiki/dakbanwa,wiktionary,
dakhari,dakhari,noun,emperor,,,https://en.wiktionary.org/wiki/dakhari,wiktionary,
dakpulu,dakpulu,noun,continent,,,https://en.wiktionary.org/wiki/dakpulu,wiktionary,
daku,daku,noun,(anatomy) back,,,https://en.wiktionary.org/wiki/daku,wiktionary,
dal-ok,dal-ok,noun,"blister, pustule",,,https://en.wiktionary.org/wiki/dal-ok,wiktionary,
dalaga,dalaga,noun,(Philippines) A young woman who has passed puberty but is not yet married; an eligible young woman.,,,https://en.wiktionary.org/wiki/dalaga,wiktionary,
dalagita,dalagita,noun,young lady,,,https://en.wiktionary.org/wiki/dalagita,wiktionary,
dalakpon,dalakpon,noun,"malefactor, outlaw",,,https://en.wiktionary.org/wiki/dalakpon,wiktionary,
dalamgohanon,dalamgohanon,noun,"dream, reverie",,,https://en.wiktionary.org/wiki/dalamgohanon,wiktionary,
dalan,dalan,noun,road; path,,,https://en.wiktionary.org/wiki/dalan,wiktionary,
dalanawan,dalanawan,noun,swamp,,,https://en.wiktionary.org/wiki/dalanawan,wiktionary,
dalasaon,dalasaon,noun,"assail, crash",,,https://en.wiktionary.org/wiki/dalasaon,wiktionary,
dalaw,dalaw,noun,"visit, visitation",,,https://en.wiktionary.org/wiki/dalaw,wiktionary,
dalayap,dalayap,noun,Key lime,,,https://en.wiktionary.org/wiki/dalayap,wiktionary,
dalimuos,dalimuos,noun,(of wind)gust,,,https://en.wiktionary.org/wiki/dalimuos,wiktionary,
dalo,dalo,noun,"greedy, selfish",,,https://en.wiktionary.org/wiki/dalo,wiktionary,
dalok,dalok,noun,"greedy, gluttonous",,,https://en.wiktionary.org/wiki/dalok,wiktionary,
dalunggan,dalunggan,noun,(anatomy) ear,,,https://en.wiktionary.org/wiki/dalunggan,wiktionary,
damang,damang,noun,spider,,,https://en.wiktionary.org/wiki/damang,wiktionary,
damgo,damgo,noun,a dream; imaginary events seen in the mind while sleeping,,,https://en.wiktionary.org/wiki/damgo,wiktionary,
damol,damol,noun,"(metrology) Symbol for decamole, an SI unit of amount of substance equal to 101 moles.",,,https://en.wiktionary.org/wiki/damol,wiktionary,
damot,damot,noun,(anatomy) hand; arm,,,https://en.wiktionary.org/wiki/damot,wiktionary,
danaw,danaw,noun,lake,,,https://en.wiktionary.org/wiki/danaw,wiktionary,
danlug,danlug,noun,slipperiness or greasiness,,,https://en.wiktionary.org/wiki/danlug,wiktionary,
dangaw,dangaw,noun,"a handspan (the distance measured by a human hand, from the tip of the thumb to the tip of the little finger)",,,https://en.wiktionary.org/wiki/dangaw,wiktionary,
dangog,dangog,noun,"hearing, listening (sensation)",,,https://en.wiktionary.org/wiki/dangog,wiktionary,
dapa-dapa,dapa-dapa,noun,sole,,,https://en.wiktionary.org/wiki/dapa-dapa,wiktionary,
dapat,dapat,noun,necessary,,,https://en.wiktionary.org/wiki/dapat,wiktionary,
dapaw,dapaw,noun,the itchiness or skin irritation resulting from playing or walking in grass,,,https://en.wiktionary.org/wiki/dapaw,wiktionary,
dapay,dapay,noun,"hawk, bird of prey",,,https://en.wiktionary.org/wiki/dapay,wiktionary,
dapig,dapig,noun,"companion, partner",,,https://en.wiktionary.org/wiki/dapig,wiktionary,
daroos,daroos,noun,a severe cough,,,https://en.wiktionary.org/wiki/daroos,wiktionary,
datilis,datilis,noun,the calabur tree (Muntingia calabura),,,https://en.wiktionary.org/wiki/datilis,wiktionary,
dawdawan,dawdawan,noun,"machine, mill",,,https://en.wiktionary.org/wiki/dawdawan,wiktionary,
daya,daya,noun,(anatomy) blood,,,https://en.wiktionary.org/wiki/daya,wiktionary,
dayan,dayan,noun,A rabbinic judge,,,https://en.wiktionary.org/wiki/dayan,wiktionary,
dayok,dayok,noun,A fermented Filipino condiment made from fish entrails (usually from yellowfin tuna) and salt.,,,https://en.wiktionary.org/wiki/dayok,wiktionary,
debosyon,debosyon,noun,devotion or piety,,,https://en.wiktionary.org/wiki/debosyon,wiktionary,
dedal,dedal,noun,(US) Alternative spelling of daedal.,,,https://en.wiktionary.org/wiki/dedal,wiktionary,
delargo,delargo,noun,"pants, trousers",,,https://en.wiktionary.org/wiki/delargo,wiktionary,
depekto,depekto,noun,"defect, flaw",,,https://en.wiktionary.org/wiki/depekto,wiktionary,
dibuho,dibuho,noun,"design, draft",,,https://en.wiktionary.org/wiki/dibuho,wiktionary,
digamohan,digamohan,noun,"fireplace, hearth, kitchen",,,https://en.wiktionary.org/wiki/digamohan,wiktionary,
dinalan,dinalan,noun,"sentence, word. verse",,,https://en.wiktionary.org/wiki/dinalan,wiktionary,
dinamita,dinamita,noun,dynamite (class of explosives),,,https://en.wiktionary.org/wiki/dinamita,wiktionary,
dinuagan,dinuagan,noun,"painting, picture",,,https://en.wiktionary.org/wiki/dinuagan,wiktionary,
dioktok,dioktok,noun,seashells,,,https://en.wiktionary.org/wiki/dioktok,wiktionary,
dipaha,dipaha,noun,made of straw,,,https://en.wiktionary.org/wiki/dipaha,wiktionary,
diperensya,diperensya,noun,difference,,,https://en.wiktionary.org/wiki/diperensya,wiktionary,
diruskas,diruskas,noun,screw,,,https://en.wiktionary.org/wiki/diruskas,wiktionary,
disgrasya,disgrasya,noun,"accident, mishap",,,https://en.wiktionary.org/wiki/disgrasya,wiktionary,
diskurso,diskurso,noun,speech,,,https://en.wiktionary.org/wiki/diskurso,wiktionary,
diskusyon,diskusyon,noun,"debate, discussion",,,https://en.wiktionary.org/wiki/diskusyon,wiktionary,
distansya,distansya,noun,"distance, remoteness",,,https://en.wiktionary.org/wiki/distansya,wiktionary,
distrito,distrito,noun,a congressional district,,,https://en.wiktionary.org/wiki/distrito,wiktionary,
ditil,ditil,noun,clitoris,,,https://en.wiktionary.org/wiki/ditil,wiktionary,
diwal,diwal,noun,sticking the tongue out,,,https://en.wiktionary.org/wiki/diwal,wiktionary,
diwata,diwata,noun,"(mythology, folklore) In Filipino folklore, a fairy, spirit, usually a lesser god or goddess, believed to guard natural features such as forests.",,,https://en.wiktionary.org/wiki/diwata,wiktionary,
doble,doble,noun,first/third-person singular present subjunctive of doblar,,,https://en.wiktionary.org/wiki/doble,wiktionary,
dogwak,dogwak,noun,"(animals): crane, heron",,,https://en.wiktionary.org/wiki/dogwak,wiktionary,
dokumento,dokumento,noun,document,,,https://en.wiktionary.org/wiki/dokumento,wiktionary,
dool,dool,noun,inflection of dolen: first-person singular present indicative (in case of inversion) second-person singular present indicative imperative,,,https://en.wiktionary.org/wiki/dool,wiktionary,possible_non_hiligaynon_inflection
dorado,dorado,noun,"A mahi-mahi or dolphinfish (Coryphaena hippurus), fish with a dorsal fin that runs the length of the body, also known for iridescent coloration.",,,https://en.wiktionary.org/wiki/dorado,wiktionary,
dosena,dosena,noun,"dozen year unknown, Cecile Motus, Hiligaynon Lessons, Рипол Классик (→ISBN), page 214 Nagapatindug sang taytay ang manga tawu sang Kinahanglan sang enhenyero kwarenta y singko ka bilug nga kahuy para sa Ang dosena sang bulak tag PO.60. presyong Pl.15 ang duha ka dosena. Imelda sang apat ka dosena. Mabakal ...",,,https://en.wiktionary.org/wiki/dosena,wiktionary,
dosis,dosis,noun,dose,,,https://en.wiktionary.org/wiki/dosis,wiktionary,
dotol,dotol,noun,(animals): tick,,,https://en.wiktionary.org/wiki/dotol,wiktionary,
dotol-dotol,dotol-dotol,noun,diminutive of dotól: anything resembling a tick,,,https://en.wiktionary.org/wiki/dotol-dotol,wiktionary,
duag,duag,noun,stave,,,https://en.wiktionary.org/wiki/duag,wiktionary,
duaw,duaw,noun,to visit,,,https://en.wiktionary.org/wiki/duaw,wiktionary,
dugang,dugang,noun,(formal) addition; act of adding something,,,https://en.wiktionary.org/wiki/dugang,wiktionary,
dughan,dughan,noun,(anatomy) the chest; the breast; the thorax; the bosom,,,https://en.wiktionary.org/wiki/dughan,wiktionary,
dugo,dugo,noun,blood,,,https://en.wiktionary.org/wiki/dugo,wiktionary,
dugos,dugos,noun,honeycomb,,,https://en.wiktionary.org/wiki/dugos,wiktionary,
dugus,dugus,noun,the best part of a thing,,,https://en.wiktionary.org/wiki/dugus,wiktionary,
dugwak,dugwak,noun,the purple heron (Ardea purpurea),,,https://en.wiktionary.org/wiki/dugwak,wiktionary,
duha-duha,duha-duha,noun,by pairs; two by two; two at a time,,,https://en.wiktionary.org/wiki/duha-duha,wiktionary,
duko,duko,noun,"stoop, act of bending over",,,https://en.wiktionary.org/wiki/duko,wiktionary,
dul-ay,dul-ay,noun,a lump of earth or dirt,,,https://en.wiktionary.org/wiki/dul-ay,wiktionary,
dulang,dulang,noun,wood-carved basin; washbowl,,,https://en.wiktionary.org/wiki/dulang,wiktionary,
dulangan,dulangan,noun,mine,,,https://en.wiktionary.org/wiki/dulangan,wiktionary,
dulat,dulat,noun,"awl, brad",,,https://en.wiktionary.org/wiki/dulat,wiktionary,
dulis,dulis,noun,meteorite,,,https://en.wiktionary.org/wiki/dulis,wiktionary,
dulog,dulog,noun,to sleep with; to cosleep,,,https://en.wiktionary.org/wiki/dulog,wiktionary,
dulogan,dulogan,noun,stationary,,,https://en.wiktionary.org/wiki/dulogan,wiktionary,
dulonan,dulonan,noun,"border, boundary, demarcation",,,https://en.wiktionary.org/wiki/dulonan,wiktionary,
dulongan,dulongan,noun,parking,,,https://en.wiktionary.org/wiki/dulongan,wiktionary,
dulot,dulot,noun,"gift, present",,,https://en.wiktionary.org/wiki/dulot,wiktionary,
dulud,dulud,noun,shin,,,https://en.wiktionary.org/wiki/dulud,wiktionary,
dulugokan,dulugokan,noun,attraction,,,https://en.wiktionary.org/wiki/dulugokan,wiktionary,
dulukdokan,dulukdokan,noun,grinder,,,https://en.wiktionary.org/wiki/dulukdokan,wiktionary,
dulum,dulum,noun,darkness; gloom,,,https://en.wiktionary.org/wiki/dulum,wiktionary,
dulunggan,dulunggan,noun,ear,,,https://en.wiktionary.org/wiki/dulunggan,wiktionary,
dulus,dulus,noun,potter,,,https://en.wiktionary.org/wiki/dulus,wiktionary,
dumalagan,dumalagan,noun,runaway,,,https://en.wiktionary.org/wiki/dumalagan,wiktionary,
dumalagsa,dumalagsa,noun,emigrant,,,https://en.wiktionary.org/wiki/dumalagsa,wiktionary,
dumalahan,dumalahan,noun,"engineer, executive",,,https://en.wiktionary.org/wiki/dumalahan,wiktionary,
dumot,dumot,noun,"hatred, indignation, rage",,,https://en.wiktionary.org/wiki/dumot,wiktionary,
dumuluaw,dumuluaw,noun,"guest, visitor",,,https://en.wiktionary.org/wiki/dumuluaw,wiktionary,
dumulugok,dumulugok,noun,audience,,,https://en.wiktionary.org/wiki/dumulugok,wiktionary,
dumuluong,dumuluong,noun,"alien, foreigner, stranger",,,https://en.wiktionary.org/wiki/dumuluong,wiktionary,
dunang manggad,dunang manggad,noun,natural resources,,,https://en.wiktionary.org/wiki/dunang_manggad,wiktionary,
dunkul,dunkul,noun,firewood,,,https://en.wiktionary.org/wiki/dunkul,wiktionary,
dungan,dungan,noun,simultaneous; coinciding,,,https://en.wiktionary.org/wiki/dungan,wiktionary,
dungandungan,dungandungan,noun,temple,,,https://en.wiktionary.org/wiki/dungandungan,wiktionary,
dungdung,dungdung,noun,(idiomatic) to rain cats and dogs,,,https://en.wiktionary.org/wiki/dungdung,wiktionary,
dungganon,dungganon,noun,"bigwig, celebrity, noble, royal",,,https://en.wiktionary.org/wiki/dungganon,wiktionary,
dungkaan,dungkaan,noun,"harbor; haven; port, wharf",,,https://en.wiktionary.org/wiki/dungkaan,wiktionary,
dungkul,dungkul,noun,"firewood, log",,,https://en.wiktionary.org/wiki/dungkul,wiktionary,
dungog,dungog,noun,to hear,,,https://en.wiktionary.org/wiki/dungog,wiktionary,
duog,duog,noun,"place, site",,,https://en.wiktionary.org/wiki/duog,wiktionary,
dupak,dupak,noun,"dirty, foul, obscene, smutty",,,https://en.wiktionary.org/wiki/dupak,wiktionary,
dupla,dupla,noun,A form of bell used in some medieval clocks.[1][2],,,https://en.wiktionary.org/wiki/dupla,wiktionary,
duplikado,duplikado,noun,duplicate,,,https://en.wiktionary.org/wiki/duplikado,wiktionary,
dupoy,dupoy,noun,breeze,,,https://en.wiktionary.org/wiki/dupoy,wiktionary,
duta,duta,noun,Clipping of dutasteride,,,https://en.wiktionary.org/wiki/duta,wiktionary,
dutang panublion,dutang panublion,noun,patrimony,,,https://en.wiktionary.org/wiki/dutang_panublion,wiktionary,
duyan,duyan,noun,cradle,,,https://en.wiktionary.org/wiki/duyan,wiktionary,
duyog,duyog,noun,to provide musical accompaniment,,,https://en.wiktionary.org/wiki/duyog,wiktionary,
duyong,duyong,noun,a dugong,,,https://en.wiktionary.org/wiki/duyong,wiktionary,
dyanitor,dyanitor,noun,janitor,,,https://en.wiktionary.org/wiki/dyanitor,wiktionary,
ebanhelyo,ebanhelyo,noun,archaic form of ebanghelyo,,,https://en.wiktionary.org/wiki/ebanhelyo,wiktionary,
ebanghelyo,ebanghelyo,noun,gospel,,,https://en.wiktionary.org/wiki/ebanghelyo,wiktionary,
edad,edad,noun,age Ano na an edad mo? ― How old are you now? (What is your age now?),,,https://en.wiktionary.org/wiki/edad,wiktionary,
edukasyon,edukasyon,noun,education,,,https://en.wiktionary.org/wiki/edukasyon,wiktionary,
ehemplo,ehemplo,noun,example,,,https://en.wiktionary.org/wiki/ehemplo,wiktionary,
ehersisyo,ehersisyo,noun,an exercise; a physical activity intended to improve strength and fitness,,,https://en.wiktionary.org/wiki/ehersisyo,wiktionary,
eklipse,eklipse,noun,(astronomy) eclipse,,,https://en.wiktionary.org/wiki/eklipse,wiktionary,
eksamen,eksamen,noun,"examination, exam (formal test)",,,https://en.wiktionary.org/wiki/eksamen,wiktionary,
eleksyon,eleksyon,noun,election,,,https://en.wiktionary.org/wiki/eleksyon,wiktionary,
elektrisidad,elektrisidad,noun,electricity,,,https://en.wiktionary.org/wiki/elektrisidad,wiktionary,
elepante,elepante,noun,elephant,,,https://en.wiktionary.org/wiki/elepante,wiktionary,
embahada,embahada,noun,embassy,,,https://en.wiktionary.org/wiki/embahada,wiktionary,
embahador,embahador,noun,ambassador,,,https://en.wiktionary.org/wiki/embahador,wiktionary,
embudo,embudo,noun,funnel,,,https://en.wiktionary.org/wiki/embudo,wiktionary,
empeine,empeine,noun,herpes,,,https://en.wiktionary.org/wiki/empeine,wiktionary,
emperador,emperador,noun,emperor (ruler of an empire),,,https://en.wiktionary.org/wiki/emperador,wiktionary,
enpermera,enpermera,noun,attendant,,,https://en.wiktionary.org/wiki/enpermera,wiktionary,
entablado,entablado,noun,(theater) stage,,,https://en.wiktionary.org/wiki/entablado,wiktionary,
esensya,esensya,noun,"essence; extract, tincture",,,https://en.wiktionary.org/wiki/esensya,wiktionary,
eskandalo,eskandalo,noun,scandal,,,https://en.wiktionary.org/wiki/eskandalo,wiktionary,
eskoba,eskoba,noun,brush,,,https://en.wiktionary.org/wiki/eskoba,wiktionary,
eskultor,eskultor,noun,sculptor,,,https://en.wiktionary.org/wiki/eskultor,wiktionary,
eskuwela,eskuwela,noun,school; learning institute,,,https://en.wiktionary.org/wiki/eskuwela,wiktionary,
eskwala,eskwala,noun,(carpentry) square,,,https://en.wiktionary.org/wiki/eskwala,wiktionary,
Espanya,espanya,noun,"Spain (a country in Southern Europe, including most of the Iberian peninsula)",,,https://en.wiktionary.org/wiki/Espanya,wiktionary,
espeho,espeho,noun,(dated or dialectal) mirror,,,https://en.wiktionary.org/wiki/espeho,wiktionary,
espiritu,espiritu,noun,spirit,,,https://en.wiktionary.org/wiki/espiritu,wiktionary,
estudyante,estudyante,noun,alternative spelling of estudiyante,,,https://en.wiktionary.org/wiki/estudyante,wiktionary,
frankiyo,frankiyo,noun,postage,,,https://en.wiktionary.org/wiki/frankiyo,wiktionary,
fresa,fresa,noun,strawberry (fruit),,,https://en.wiktionary.org/wiki/fresa,wiktionary,
fuersa,fuersa,noun,"force, strength, vigor",,,https://en.wiktionary.org/wiki/fuersa,wiktionary,
gab-e,gab-e,noun,night,,,https://en.wiktionary.org/wiki/gab-e,wiktionary,
gab-i,gab-i,noun,evening; night,,,https://en.wiktionary.org/wiki/gab-i,wiktionary,
gabi,gabi,noun,"Colocasia esculenta, raised as a food primarily for its corm, which distantly resembles potato.",,,https://en.wiktionary.org/wiki/gabi,wiktionary,
gabon,gabon,noun,good night,,,https://en.wiktionary.org/wiki/gabon,wiktionary,
gahud,gahud,noun,"clatter, noise",,,https://en.wiktionary.org/wiki/gahud,wiktionary,
gal-um,gal-um,noun,raincloud,,,https://en.wiktionary.org/wiki/gal-um,wiktionary,
galab,galab,noun,body,,,https://en.wiktionary.org/wiki/galab,wiktionary,
galingan,galingan,noun,grinder,,,https://en.wiktionary.org/wiki/galingan,wiktionary,
galyetas,galyetas,noun,"cracker, hardtack, biscuit",,,https://en.wiktionary.org/wiki/galyetas,wiktionary,
gamhon,gamhon,noun,(botany) weed,,,https://en.wiktionary.org/wiki/gamhon,wiktionary,
gamo,gamo,noun,spoiled,,,https://en.wiktionary.org/wiki/gamo,wiktionary,
gamosa,gamosa,noun,"A rectangular cloth, typically of red and white, used in a variety of ritual actions in Assamese culture.",,,https://en.wiktionary.org/wiki/gamosa,wiktionary,
gamot,gamot,noun,root,,,https://en.wiktionary.org/wiki/gamot,wiktionary,
gana,gana,noun,inflection of ganar: third-person singular present indicative second-person singular imperative,,,https://en.wiktionary.org/wiki/gana,wiktionary,possible_non_hiligaynon_inflection
ganhaan,ganhaan,noun,door,,,https://en.wiktionary.org/wiki/ganhaan,wiktionary,
gansa,gansa,noun,Alternative form of ganza (“kind of wild goose”).,,,https://en.wiktionary.org/wiki/gansa,wiktionary,
gansilyo,gansilyo,noun,alternative form of gantsilyo,,,https://en.wiktionary.org/wiki/gansilyo,wiktionary,
ganso,ganso,noun,goose,,,https://en.wiktionary.org/wiki/ganso,wiktionary,
garahe,garahe,noun,garage,,,https://en.wiktionary.org/wiki/garahe,wiktionary,
garapata,garapata,noun,(US) A kind of wood tick.,,,https://en.wiktionary.org/wiki/garapata,wiktionary,
garbanso,garbanso,noun,"chickpea, garbanzo",,,https://en.wiktionary.org/wiki/garbanso,wiktionary,
garuk,garuk,noun,filth,,,https://en.wiktionary.org/wiki/garuk,wiktionary,
gasolina,gasolina,noun,"gasoline, petrol (motor fuel)",,,https://en.wiktionary.org/wiki/gasolina,wiktionary,
gata,gata,noun,A kind of pastry in Armenia and some neighboring countries.,,,https://en.wiktionary.org/wiki/gata,wiktionary,
gatas,gatas,noun,plural of gata,,,https://en.wiktionary.org/wiki/gatas,wiktionary,
gatong,gatong,noun,firewood; fuel,,,https://en.wiktionary.org/wiki/gatong,wiktionary,
gawahan,gawahan,noun,window,,,https://en.wiktionary.org/wiki/gawahan,wiktionary,
gawgaw,gawgaw,noun,starch,,,https://en.wiktionary.org/wiki/gawgaw,wiktionary,
gawi,gawi,noun,female,,,https://en.wiktionary.org/wiki/gawi,wiktionary,
gesantes,gesantes,noun,"snow pea, sugar snap pea",,,https://en.wiktionary.org/wiki/gesantes,wiktionary,
gibungan,gibungan,noun,the junction of two or more rivers,,,https://en.wiktionary.org/wiki/gibungan,wiktionary,
gibwangan,gibwangan,noun,the junction of two or more rivers,,,https://en.wiktionary.org/wiki/gibwangan,wiktionary,
gikan,gikan,noun,(formal) from,,,https://en.wiktionary.org/wiki/gikan,wiktionary,
ginagihan,ginagihan,noun,incidents and events that happen to a person during their life,,,https://en.wiktionary.org/wiki/ginagihan,wiktionary,
ginharian,ginharian,noun,domain; empire; kingdom; monarchy; realm; sovereignty,,,https://en.wiktionary.org/wiki/ginharian,wiktionary,
ginhawa,ginhawa,noun,to breathe,,,https://en.wiktionary.org/wiki/ginhawa,wiktionary,
ginhawaan,ginhawaan,noun,"trachea, windpipe",,,https://en.wiktionary.org/wiki/ginhawaan,wiktionary,
ginikanan,ginikanan,noun,(formal) origin,,,https://en.wiktionary.org/wiki/ginikanan,wiktionary,
ginoo,ginoo,noun,deity; god,,,https://en.wiktionary.org/wiki/ginoo,wiktionary,
ginsakpan,ginsakpan,noun,"realm, dominion",,,https://en.wiktionary.org/wiki/ginsakpan,wiktionary,
gintung-an,gintung-an,noun,"center, middle, midpoint",,,https://en.wiktionary.org/wiki/gintung-an,wiktionary,
ginuo,ginuo,noun,sir,,,https://en.wiktionary.org/wiki/ginuo,wiktionary,
ginutlan,ginutlan,noun,"interlude, interval",,,https://en.wiktionary.org/wiki/ginutlan,wiktionary,
ginggon,ginggon,noun,gingham,,,https://en.wiktionary.org/wiki/ginggon,wiktionary,
gingikanan,gingikanan,noun,"beginning, commencement, lineage, origin, root, source, start",,,https://en.wiktionary.org/wiki/gingikanan,wiktionary,
gisi,gisi,noun,my brother,,,https://en.wiktionary.org/wiki/gisi,wiktionary,
giwa-os,giwa-os,noun,"dearth of food, famine, misery",,,https://en.wiktionary.org/wiki/giwa-os,wiktionary,
giwaos,giwaos,noun,alternative spelling of giwá-os,,,https://en.wiktionary.org/wiki/giwaos,wiktionary,
gora,gora,noun,(South Asia) Pertaining to a fair-skinned or European person. [from 19th c.],,,https://en.wiktionary.org/wiki/gora,wiktionary,
grasya,grasya,noun,alternative spelling of grasiya,,,https://en.wiktionary.org/wiki/grasya,wiktionary,
gratipikasyon,gratipikasyon,noun,"gratuity, reward, tip, (gratuity, reward)",,,https://en.wiktionary.org/wiki/gratipikasyon,wiktionary,
gripo,gripo,noun,faucet; tap; spigot,,,https://en.wiktionary.org/wiki/gripo,wiktionary,
grumete,grumete,noun,crew,,,https://en.wiktionary.org/wiki/grumete,wiktionary,
guban,guban,noun,"brigade, group, throng",,,https://en.wiktionary.org/wiki/guban,wiktionary,
gulang,gulang,noun,mature (fruits) Antonym: linghod,,,https://en.wiktionary.org/wiki/gulang,wiktionary,
guluwaan,guluwaan,noun,"exit, escape, egress",,,https://en.wiktionary.org/wiki/guluwaan,wiktionary,
gumulua,gumulua,noun,cast,,,https://en.wiktionary.org/wiki/gumulua,wiktionary,
gunting,gunting,noun,scissors,,,https://en.wiktionary.org/wiki/gunting,wiktionary,
guray,guray,noun,"streak, stripe",,,https://en.wiktionary.org/wiki/guray,wiktionary,
guray-guray,guray-guray,noun,stripe,,,https://en.wiktionary.org/wiki/guray-guray,wiktionary,
gusok,gusok,noun,(anatomy) rib,,,https://en.wiktionary.org/wiki/gusok,wiktionary,
gutom,gutom,noun,hungry; famished,,,https://en.wiktionary.org/wiki/gutom,wiktionary,
guya,guya,noun,"allegedly, supposedly; as if Niyə soruşursan? Guya cavabını özün bilmirsən.Why are you asking? As if you don't know the answer yourself. Sevmədiyi bir nəfər öləndə, yalandan ağladı, guya qanı qaralmışdı.When someone s/he didn't like died, s/he fake-cried, as if s/he were sad.",,,https://en.wiktionary.org/wiki/guya,wiktionary,
guyum,guyum,noun,"ant, (various, species)",,,https://en.wiktionary.org/wiki/guyum,wiktionary,
gwantes,gwantes,noun,gloves,,,https://en.wiktionary.org/wiki/gwantes,wiktionary,
gwardya,gwardya,noun,alternative form of guwardiya,,,https://en.wiktionary.org/wiki/gwardya,wiktionary,
habagat,habagat,noun,south,,,https://en.wiktionary.org/wiki/habagat,wiktionary,
habol,habol,noun,weave of cloth,,,https://en.wiktionary.org/wiki/habol,wiktionary,
habon,habon,noun,soap,,,https://en.wiktionary.org/wiki/habon,wiktionary,
habul,habul,noun,blanket,,,https://en.wiktionary.org/wiki/habul,wiktionary,
habyog,habyog,noun,a sweet cloudy drink made from fermented sugar palm sap,,,https://en.wiktionary.org/wiki/habyog,wiktionary,
hadlok,hadlok,noun,"to fear, to dread",,,https://en.wiktionary.org/wiki/hadlok,wiktionary,
hagdanan,hagdanan,noun,"(dialectal, Daet) alternative form of hagyanan",,,https://en.wiktionary.org/wiki/hagdanan,wiktionary,
hagna,hagna,noun,"motion, proposal",,,https://en.wiktionary.org/wiki/hagna,wiktionary,
hagunghung,hagunghung,noun,a rumbling sound,,,https://en.wiktionary.org/wiki/hagunghung,wiktionary,
hagurot,hagurot,noun,flash,,,https://en.wiktionary.org/wiki/hagurot,wiktionary,
haklu,haklu,noun,breathe,,,https://en.wiktionary.org/wiki/haklu,wiktionary,
hakuhaku,hakuhaku,noun,haste,,,https://en.wiktionary.org/wiki/hakuhaku,wiktionary,
hal-o,hal-o,noun,pestle,,,https://en.wiktionary.org/wiki/hal-o,wiktionary,
hal-u,hal-u,noun,pestle,,,https://en.wiktionary.org/wiki/hal-u,wiktionary,
halalban,halalban,noun,"meadow, pasture",,,https://en.wiktionary.org/wiki/halalban,wiktionary,
halalongan,halalongan,noun,"delicate, precaution",,,https://en.wiktionary.org/wiki/halalongan,wiktionary,
halaran,halaran,noun,third-person plural future indicative of halar,,,https://en.wiktionary.org/wiki/halaran,wiktionary,
halas,halas,noun,plural of hala,,,https://en.wiktionary.org/wiki/halas,wiktionary,
halea,halea,noun,jelly,,,https://en.wiktionary.org/wiki/halea,wiktionary,
haligi,haligi,noun,column; pillar; post,,,https://en.wiktionary.org/wiki/haligi,wiktionary,
halimbawa,halimbawa,noun,for example; for instance,,,https://en.wiktionary.org/wiki/halimbawa,wiktionary,
halintang,halintang,noun,"degree, grade",,,https://en.wiktionary.org/wiki/halintang,wiktionary,
haloan,haloan,noun,a mudfish,,,https://en.wiktionary.org/wiki/haloan,wiktionary,
halon,halon,noun,(organic chemistry) A hydrocarbon (more precisely haloalkane) in which one or more hydrogen atoms have been replaced by halogens,,,https://en.wiktionary.org/wiki/halon,wiktionary,
haluk,haluk,noun,kiss,,,https://en.wiktionary.org/wiki/haluk,wiktionary,
hamon,hamon,noun,"A wavy line found on steel products that have been hardened differentially, with soft and hard steel sections, where the tempered steel is separated from the softer parts by the hamon.",,,https://en.wiktionary.org/wiki/hamon,wiktionary,
hamot,hamot,noun,"aroma; fragrance Antonyms: bata, bangog",,,https://en.wiktionary.org/wiki/hamot,wiktionary,
hampang,hampang,noun,opposite,,,https://en.wiktionary.org/wiki/hampang,wiktionary,
hampangan,hampangan,noun,"instance of being across from, opposite of one another",,,https://en.wiktionary.org/wiki/hampangan,wiktionary,
hanluk,hanluk,noun,alternative spelling of hánlug,,,https://en.wiktionary.org/wiki/hanluk,wiktionary,
hangaway,hangaway,noun,"martial, warlike",,,https://en.wiktionary.org/wiki/hangaway,wiktionary,
hangga,hangga,noun,(pathology) chickenpox; varicella,,,https://en.wiktionary.org/wiki/hangga,wiktionary,
hangin,hangin,noun,wind (movement of air),,,https://en.wiktionary.org/wiki/hangin,wiktionary,
hanginero,hanginero,noun,windbag; braggart,,,https://en.wiktionary.org/wiki/hanginero,wiktionary,
hapon,hapon,noun,afternoon,,,https://en.wiktionary.org/wiki/hapon,wiktionary,
haroan,haroan,noun,a mudfish,,,https://en.wiktionary.org/wiki/haroan,wiktionary,
harupot,harupot,noun,breeze,,,https://en.wiktionary.org/wiki/harupot,wiktionary,
hawak,hawak,noun,(anatomy) body; torso,,,https://en.wiktionary.org/wiki/hawak,wiktionary,
hikab,hikab,noun,(pathology) asthma,,,https://en.wiktionary.org/wiki/hikab,wiktionary,
hilanat,hilanat,noun,fever,,,https://en.wiktionary.org/wiki/hilanat,wiktionary,
hima,hima,noun,clam,,,https://en.wiktionary.org/wiki/hima,wiktionary,
himatayon,himatayon,noun,dying; about to die,,,https://en.wiktionary.org/wiki/himatayon,wiktionary,
himaya,himaya,noun,glory; worship or praise,,,https://en.wiktionary.org/wiki/himaya,wiktionary,
hinablos,hinablos,noun,nephew ; niece,,,https://en.wiktionary.org/wiki/hinablos,wiktionary,
hinakay,hinakay,noun,"a charge, fare, or fee",,,https://en.wiktionary.org/wiki/hinakay,wiktionary,
hinalabuab,hinalabuab,noun,offspring,,,https://en.wiktionary.org/wiki/hinalabuab,wiktionary,
hinambalan,hinambalan,noun,promise,,,https://en.wiktionary.org/wiki/hinambalan,wiktionary,
hinugyaw,hinugyaw,noun,excitement,,,https://en.wiktionary.org/wiki/hinugyaw,wiktionary,
hingabot,hingabot,noun,lust,,,https://en.wiktionary.org/wiki/hingabot,wiktionary,
hinganiban,hinganiban,noun,"(obsolete) any weapon, defensive or offensive",,,https://en.wiktionary.org/wiki/hinganiban,wiktionary,
hingudto,hingudto,noun,the sun's zenith; midday,,,https://en.wiktionary.org/wiki/hingudto,wiktionary,
hinguyang,hinguyang,noun,expense,,,https://en.wiktionary.org/wiki/hinguyang,wiktionary,
hiphip,hiphip,noun,bribe,,,https://en.wiktionary.org/wiki/hiphip,wiktionary,
hiwit,hiwit,noun,"a bewitchment, charm, or spell",,,https://en.wiktionary.org/wiki/hiwit,wiktionary,
hiyas,hiyas,noun,jewel,,,https://en.wiktionary.org/wiki/hiyas,wiktionary,
hoyohoy,hoyohoy,noun,alternative spelling of huyuhoy,,,https://en.wiktionary.org/wiki/hoyohoy,wiktionary,
huad,huad,noun,something that is counterfeit or facsimile,,,https://en.wiktionary.org/wiki/huad,wiktionary,
huaran,huaran,noun,example,,,https://en.wiktionary.org/wiki/huaran,wiktionary,
hulip,hulip,noun,to replace; to take the place of; to supply the want of; to fulfill the end or office of,,,https://en.wiktionary.org/wiki/hulip,wiktionary,
hulonan,hulonan,noun,roost,,,https://en.wiktionary.org/wiki/hulonan,wiktionary,
hulugpaan,hulugpaan,noun,airport Hulugpaan sang Roxas Roxas Airport,,,https://en.wiktionary.org/wiki/hulugpaan,wiktionary,
hulusayon,hulusayon,noun,question,,,https://en.wiktionary.org/wiki/hulusayon,wiktionary,
humbak,humbak,noun,wake; the path left behind a ship on the surface of the water,,,https://en.wiktionary.org/wiki/humbak,wiktionary,
hupa,hupa,noun,quickly diminishing,,,https://en.wiktionary.org/wiki/hupa,wiktionary,
husay,husay,noun,"neat, well-arranged",,,https://en.wiktionary.org/wiki/husay,wiktionary,
hutik,hutik,noun,whisper,,,https://en.wiktionary.org/wiki/hutik,wiktionary,
huyuhoy,huyuhoy,noun,(uncommon) breeze,,,https://en.wiktionary.org/wiki/huyuhoy,wiktionary,
idalum,idalum,noun,underneath; beneath; below,,,https://en.wiktionary.org/wiki/idalum,wiktionary,
ignorante,ignorante,noun,ignorant,,,https://en.wiktionary.org/wiki/ignorante,wiktionary,
ikog,ikog,noun,tail,,,https://en.wiktionary.org/wiki/ikog,wiktionary,
ilaga,ilaga,noun,rat (medium-sized rodent of Genus Rattus),,,https://en.wiktionary.org/wiki/ilaga,wiktionary,
ilisan,ilisan,noun,dressing room where someone changes clothing,,,https://en.wiktionary.org/wiki/ilisan,wiktionary,
ilok,ilok,noun,(anatomy) armpit,,,https://en.wiktionary.org/wiki/ilok,wiktionary,
ilong,ilong,noun,nose,,,https://en.wiktionary.org/wiki/ilong,wiktionary,
init,init,noun,(computing) Clipping of initialization. After the sixth successive system init he had to concede that the database was corrupt.,,,https://en.wiktionary.org/wiki/init,wiktionary,
inpierno,inpierno,noun,hell,,,https://en.wiktionary.org/wiki/inpierno,wiktionary,
ingol,ingol,noun,"scarcity, dearth",,,https://en.wiktionary.org/wiki/ingol,wiktionary,
ipot-ipot,ipot-ipot,noun,firefly,,,https://en.wiktionary.org/wiki/ipot-ipot,wiktionary,
isda,isda,noun,(Daet) fish,,,https://en.wiktionary.org/wiki/isda,wiktionary,
itom,itom,noun,black (color/colour),,,https://en.wiktionary.org/wiki/itom,wiktionary,
iyot,iyot,noun,(vulgar) coitus; sexual intercourse,,,https://en.wiktionary.org/wiki/iyot,wiktionary,
kaagahon,kaagahon,noun,dawn,,,https://en.wiktionary.org/wiki/kaagahon,wiktionary,
kaambong,kaambong,noun,handsomeness,,,https://en.wiktionary.org/wiki/kaambong,wiktionary,
kaaway,kaaway,noun,enemy; foe,,,https://en.wiktionary.org/wiki/kaaway,wiktionary,
kabakahan,kabakahan,noun,cattle,,,https://en.wiktionary.org/wiki/kabakahan,wiktionary,
kabalyero,kabalyero,noun,peacock flower (Caesalpinia pulcherrima),,,https://en.wiktionary.org/wiki/kabalyero,wiktionary,
kabanyagaan,kabanyagaan,noun,"mean, malicious, vile, wicked",,,https://en.wiktionary.org/wiki/kabanyagaan,wiktionary,
kabangisan,kabangisan,noun,violence; cruelty; wickedness,,,https://en.wiktionary.org/wiki/kabangisan,wiktionary,
kabayo,kabayo,noun,horse,,,https://en.wiktionary.org/wiki/kabayo,wiktionary,
kabesera,kabesera,noun,head of the table,,,https://en.wiktionary.org/wiki/kabesera,wiktionary,
kabuang,kabuang,noun,madness; insanity,,,https://en.wiktionary.org/wiki/kabuang,wiktionary,
kabugaw,kabugaw,noun,the Kaffir lime (Citrus hystrix),,,https://en.wiktionary.org/wiki/kabugaw,wiktionary,
kabuhi,kabuhi,noun,"an illness characterized by dizziness, nausea, chills and symptoms similar to hyperacidity, gripes, heartburn and gastroesophageal reflux disease",,,https://en.wiktionary.org/wiki/kabuhi,wiktionary,
kabulig,kabulig,noun,"assistant, helper",,,https://en.wiktionary.org/wiki/kabulig,wiktionary,
kadak-an,kadak-an,noun,hall,,,https://en.wiktionary.org/wiki/kadak-an,wiktionary,
kadalag-an,kadalag-an,noun,success,,,https://en.wiktionary.org/wiki/kadalag-an,wiktionary,
kadang,kadang,noun,stilts Nagalakát silá sa kádang.They are walking on stilts.,,,https://en.wiktionary.org/wiki/kadang,wiktionary,
kadugay,kadugay,noun,duration,,,https://en.wiktionary.org/wiki/kadugay,wiktionary,
kadumot,kadumot,noun,"hatred, grudge Antonym: higugma",,,https://en.wiktionary.org/wiki/kadumot,wiktionary,
kadumut,kadumut,noun,alternative spelling of kadumot,,,https://en.wiktionary.org/wiki/kadumut,wiktionary,
kagab-i,kagab-i,noun,last night,,,https://en.wiktionary.org/wiki/kagab-i,wiktionary,
kagagmayan,kagagmayan,noun,the poor or uninfluential members of a community,,,https://en.wiktionary.org/wiki/kagagmayan,wiktionary,
kagaw,kagaw,noun,scratching (relief for an itch),,,https://en.wiktionary.org/wiki/kagaw,wiktionary,
kagayonan,kagayonan,noun,beauty; splendor,,,https://en.wiktionary.org/wiki/kagayonan,wiktionary,
kagulangan,kagulangan,noun,old-growth forest,,,https://en.wiktionary.org/wiki/kagulangan,wiktionary,
kahas,kahas,noun,daringness,,,https://en.wiktionary.org/wiki/kahas,wiktionary,
kahikaw,kahikaw,noun,"envy, spite",,,https://en.wiktionary.org/wiki/kahikaw,wiktionary,
kahilwayan,kahilwayan,noun,freedom; liberty,,,https://en.wiktionary.org/wiki/kahilwayan,wiktionary,
kahinguyangan,kahinguyangan,noun,"expenditure, waste",,,https://en.wiktionary.org/wiki/kahinguyangan,wiktionary,
kahoy,kahoy,noun,tree; wood,,,https://en.wiktionary.org/wiki/kahoy,wiktionary,
kahubug,kahubug,noun,drunkenness; intoxication; inebriation,,,https://en.wiktionary.org/wiki/kahubug,wiktionary,
kaisug,kaisug,noun,courage,,,https://en.wiktionary.org/wiki/kaisug,wiktionary,
kalabasa,kalabasa,noun,squash,,,https://en.wiktionary.org/wiki/kalabasa,wiktionary,
kaladlawan,kaladlawan,noun,comic,,,https://en.wiktionary.org/wiki/kaladlawan,wiktionary,
kalag,kalag,noun,a ghost; a spirit; a soul,,,https://en.wiktionary.org/wiki/kalag,wiktionary,
kalagday,kalagday,noun,"gentleness, tenderness",,,https://en.wiktionary.org/wiki/kalagday,wiktionary,
kalaglagan,kalaglagan,noun,"destruction, perdition, ruin",,,https://en.wiktionary.org/wiki/kalaglagan,wiktionary,
kalamunding,kalamunding,noun,calamondin,,,https://en.wiktionary.org/wiki/kalamunding,wiktionary,
kalan-on,kalan-on,noun,"food, especially rice",,,https://en.wiktionary.org/wiki/kalan-on,wiktionary,
kalayo,kalayo,noun,fire; flame,,,https://en.wiktionary.org/wiki/kalayo,wiktionary,
kaldera,kaldera,noun,caldera,,,https://en.wiktionary.org/wiki/kaldera,wiktionary,
kalibutan,kalibutan,noun,world,,,https://en.wiktionary.org/wiki/kalibutan,wiktionary,
kalipay,kalipay,noun,happiness,,,https://en.wiktionary.org/wiki/kalipay,wiktionary,
kalis,kalis,noun,A Filipino sword akin to the kris.,,,https://en.wiktionary.org/wiki/kalis,wiktionary,
kalisang,kalisang,noun,"horror, terror",,,https://en.wiktionary.org/wiki/kalisang,wiktionary,
kalooy,kalooy,noun,mercy,,,https://en.wiktionary.org/wiki/kalooy,wiktionary,
kalsada,kalsada,noun,road; street,,,https://en.wiktionary.org/wiki/kalsada,wiktionary,
kamalig,kamalig,noun,hut,,,https://en.wiktionary.org/wiki/kamalig,wiktionary,
kamatayon,kamatayon,noun,death Antonym: kinabuhi,,,https://en.wiktionary.org/wiki/kamatayon,wiktionary,
kamatis,kamatis,noun,tomato,,,https://en.wiktionary.org/wiki/kamatis,wiktionary,
kamatuoran,kamatuoran,noun,truth; veracity,,,https://en.wiktionary.org/wiki/kamatuoran,wiktionary,
kampana,kampana,noun,large bell,,,https://en.wiktionary.org/wiki/kampana,wiktionary,
kan-on,kan-on,noun,boiled rice; cooked rice,,,https://en.wiktionary.org/wiki/kan-on,wiktionary,
kanding,kanding,noun,goat,,,https://en.wiktionary.org/wiki/kanding,wiktionary,
kapanganuran,kapanganuran,noun,the clouds,,,https://en.wiktionary.org/wiki/kapanganuran,wiktionary,
kapatid,kapatid,noun,sibling,,,https://en.wiktionary.org/wiki/kapatid,wiktionary,
kapatol,kapatol,noun,"strength, determination",,,https://en.wiktionary.org/wiki/kapatol,wiktionary,
kapaul,kapaul,noun,"fatigue, weariness",,,https://en.wiktionary.org/wiki/kapaul,wiktionary,
kapay,kapay,noun,crazy; insane,,,https://en.wiktionary.org/wiki/kapay,wiktionary,
kape,kape,noun,(obsolete) Pronunciation spelling of keep.,,,https://en.wiktionary.org/wiki/kape,wiktionary,
kapid,kapid,noun,nominative plural of kapp,,,https://en.wiktionary.org/wiki/kapid,wiktionary,
kapilya,kapilya,noun,chapel,,,https://en.wiktionary.org/wiki/kapilya,wiktionary,
karabaw,karabaw,noun,carabao; water buffalo,,,https://en.wiktionary.org/wiki/karabaw,wiktionary,
karnabal,karnabal,noun,carnival; fair traveling amusement park,,,https://en.wiktionary.org/wiki/karnabal,wiktionary,
karwahe,karwahe,noun,four-wheeled horse-drawn carriage,,,https://en.wiktionary.org/wiki/karwahe,wiktionary,
kasag,kasag,noun,crab (saltwater),,,https://en.wiktionary.org/wiki/kasag,wiktionary,
kasing,kasing,noun,"a top or spinning top, made of wood and spun by a string",,,https://en.wiktionary.org/wiki/kasing,wiktionary,
kasingkasing,kasingkasing,noun,(anatomy) heart,,,https://en.wiktionary.org/wiki/kasingkasing,wiktionary,
kasirum,kasirum,noun,evening,,,https://en.wiktionary.org/wiki/kasirum,wiktionary,
kasisit-an,kasisit-an,noun,"difficulties, troubles",,,https://en.wiktionary.org/wiki/kasisit-an,wiktionary,
kasulya,kasulya,noun,(Christianity) chasuble,,,https://en.wiktionary.org/wiki/kasulya,wiktionary,
katig,katig,noun,outrigger,,,https://en.wiktionary.org/wiki/katig,wiktionary,
Katsila,katsila,noun,Spanish,,,https://en.wiktionary.org/wiki/Katsila,wiktionary,
katulundan,katulundan,noun,sunset,,,https://en.wiktionary.org/wiki/katulundan,wiktionary,
kauswagan,kauswagan,noun,advancement; improvement,,,https://en.wiktionary.org/wiki/kauswagan,wiktionary,
kawa,kawa,noun,Alternative form of kava.,,,https://en.wiktionary.org/wiki/kawa,wiktionary,
kawatan,kawatan,noun,a toy An paborito kong kawatan.My favorite toy.,,,https://en.wiktionary.org/wiki/kawatan,wiktionary,
kawayan,kawayan,noun,bamboo,,,https://en.wiktionary.org/wiki/kawayan,wiktionary,
kawayanan,kawayanan,noun,bamboo grove or plantation,,,https://en.wiktionary.org/wiki/kawayanan,wiktionary,
kawing,kawing,noun,present participle and gerund of kaw,,,https://en.wiktionary.org/wiki/kawing,wiktionary,
kawit,kawit,noun,hook,,,https://en.wiktionary.org/wiki/kawit,wiktionary,
kawkus,kawkus,noun,caucus,,,https://en.wiktionary.org/wiki/kawkus,wiktionary,
kilat,kilat,noun,lightning (flash of light),,,https://en.wiktionary.org/wiki/kilat,wiktionary,
kilay,kilay,noun,(anatomy) eyebrow; brow,,,https://en.wiktionary.org/wiki/kilay,wiktionary,
kinataohan,kinataohan,noun,birthday,,,https://en.wiktionary.org/wiki/kinataohan,wiktionary,
kolera,kolera,noun,"anger, rage",,,https://en.wiktionary.org/wiki/kolera,wiktionary,
kolintas,kolintas,noun,rosary,,,https://en.wiktionary.org/wiki/kolintas,wiktionary,
koltson,koltson,noun,mattress,,,https://en.wiktionary.org/wiki/koltson,wiktionary,
kompanyero,kompanyero,noun,companion,,,https://en.wiktionary.org/wiki/kompanyero,wiktionary,
konbensyon,konbensyon,noun,"convention, meeting",,,https://en.wiktionary.org/wiki/konbensyon,wiktionary,
korason,korason,noun,(anatomy) heart,,,https://en.wiktionary.org/wiki/korason,wiktionary,
kubrekama,kubrekama,noun,bedsheet; bedspread,,,https://en.wiktionary.org/wiki/kubrekama,wiktionary,
kudyapi,kudyapi,noun,a boat-shaped lute,,,https://en.wiktionary.org/wiki/kudyapi,wiktionary,
kulantro,kulantro,noun,cilantro (US); coriander (UK),,,https://en.wiktionary.org/wiki/kulantro,wiktionary,
kuning,kuning,noun,yellow,,,https://en.wiktionary.org/wiki/kuning,wiktionary,
kuring,kuring,noun,cat,,,https://en.wiktionary.org/wiki/kuring,wiktionary,
kusina,kusina,noun,kitchen,,,https://en.wiktionary.org/wiki/kusina,wiktionary,
kutkut,kutkut,noun,alternative spelling of kutkot,,,https://en.wiktionary.org/wiki/kutkut,wiktionary,
kuto,kuto,noun,louse,,,https://en.wiktionary.org/wiki/kuto,wiktionary,
kutsara,kutsara,noun,spoon,,,https://en.wiktionary.org/wiki/kutsara,wiktionary,
kutsarita,kutsarita,noun,teaspoon,,,https://en.wiktionary.org/wiki/kutsarita,wiktionary,
kutsilyo,kutsilyo,noun,(cutlery) kitchen knife,,,https://en.wiktionary.org/wiki/kutsilyo,wiktionary,
kutud,kutud,noun,"boundary, line",,,https://en.wiktionary.org/wiki/kutud,wiktionary,
kuul,kuul,noun,"ball, especially a heavy one",,,https://en.wiktionary.org/wiki/kuul,wiktionary,
kwadra,kwadra,noun,shed,,,https://en.wiktionary.org/wiki/kwadra,wiktionary,
kwarentenas,kwarentenas,noun,quarantine,,,https://en.wiktionary.org/wiki/kwarentenas,wiktionary,
labaha,labaha,noun,razor,,,https://en.wiktionary.org/wiki/labaha,wiktionary,
lag-it,lag-it,noun,"cheat, imposter, sneak, swindler, trickster",,,https://en.wiktionary.org/wiki/lag-it,wiktionary,
lagari,lagari,noun,saw (tool),,,https://en.wiktionary.org/wiki/lagari,wiktionary,
lagwerta,lagwerta,noun,alternative form of laguwerta,,,https://en.wiktionary.org/wiki/lagwerta,wiktionary,
lagwertero,lagwertero,noun,gardener,,,https://en.wiktionary.org/wiki/lagwertero,wiktionary,
lala,lala,noun,Alternative form of ilala.,,,https://en.wiktionary.org/wiki/lala,wiktionary,
lalaki,lalaki,noun,a man; a male human Coordinate term: babayi,,,https://en.wiktionary.org/wiki/lalaki,wiktionary,
lamok,lamok,noun,mosquito,,,https://en.wiktionary.org/wiki/lamok,wiktionary,
landong,landong,noun,shadow,,,https://en.wiktionary.org/wiki/landong,wiktionary,
lanog,lanog,noun,"weal; bruise, black eye",,,https://en.wiktionary.org/wiki/lanog,wiktionary,
lansang,lansang,noun,nail (metal pin),,,https://en.wiktionary.org/wiki/lansang,wiktionary,
langgaw,langgaw,noun,vinegar,,,https://en.wiktionary.org/wiki/langgaw,wiktionary,
langit,langit,noun,sky,,,https://en.wiktionary.org/wiki/langit,wiktionary,
langoy,langoy,noun,"swim, swimming",,,https://en.wiktionary.org/wiki/langoy,wiktionary,
lap-ok,lap-ok,noun,blister,,,https://en.wiktionary.org/wiki/lap-ok,wiktionary,
larawanan,larawanan,noun,photographer's studio,,,https://en.wiktionary.org/wiki/larawanan,wiktionary,
lasi,lasi,noun,to leave,,,https://en.wiktionary.org/wiki/lasi,wiktionary,
latagon,latagon,noun,"valley, a rural area",,,https://en.wiktionary.org/wiki/latagon,wiktionary,
latayan,latayan,noun,a narrow bridge often with no handrail,,,https://en.wiktionary.org/wiki/latayan,wiktionary,
latok,latok,noun,(dated) small table,,,https://en.wiktionary.org/wiki/latok,wiktionary,
lawa,lawa,noun,spider,,,https://en.wiktionary.org/wiki/lawa,wiktionary,
lawas,lawas,noun,old,,,https://en.wiktionary.org/wiki/lawas,wiktionary,
layi,layi,noun,adultery,,,https://en.wiktionary.org/wiki/layi,wiktionary,
libre,libre,noun,"(obsolete, rare) Especially of the will: free, independent, unconstrained.",,,https://en.wiktionary.org/wiki/libre,wiktionary,
likod,likod,noun,(anatomy) back,,,https://en.wiktionary.org/wiki/likod,wiktionary,
lima,lima,noun,Alternative letter-case form of Lima of the ICAO/NATO radiotelephony alphabet.,,,https://en.wiktionary.org/wiki/lima,wiktionary,
linaw,linaw,noun,"clarity, clearness",,,https://en.wiktionary.org/wiki/linaw,wiktionary,
linog,linog,noun,earthquake,,,https://en.wiktionary.org/wiki/linog,wiktionary,
linti,linti,noun,lentils,,,https://en.wiktionary.org/wiki/linti,wiktionary,
lingkoranan,lingkoranan,noun,a seat; a chair,,,https://en.wiktionary.org/wiki/lingkoranan,wiktionary,
liog,liog,noun,(anatomy) neck,,,https://en.wiktionary.org/wiki/liog,wiktionary,
liso,liso,noun,seed,,,https://en.wiktionary.org/wiki/liso,wiktionary,
lomot,lomot,noun,moss (plants of the division Bryophyta),,,https://en.wiktionary.org/wiki/lomot,wiktionary,
luab,luab,noun,collar,,,https://en.wiktionary.org/wiki/luab,wiktionary,
lubi,lubi,noun,"(mythology) a mythological figure of Albanian folklore imagined as a spiteful multiheaded serpentine dragon woman (also imagined as a serpent or demon), not dissimilar to a Lernean Hydra in Ancient Greek folklore. The number of heads varies from 7 to 100, and when one is cut off another grows in its place.",,,https://en.wiktionary.org/wiki/lubi,wiktionary,
lubong,lubong,noun,burial (act of burying),,,https://en.wiktionary.org/wiki/lubong,wiktionary,
lugpitan,lugpitan,noun,"press, vice, clamp",,,https://en.wiktionary.org/wiki/lugpitan,wiktionary,
luha,luha,noun,tear,,,https://en.wiktionary.org/wiki/luha,wiktionary,
lunang,lunang,noun,mud,,,https://en.wiktionary.org/wiki/lunang,wiktionary,
lungsod,lungsod,noun,city,,,https://en.wiktionary.org/wiki/lungsod,wiktionary,
luy-a,luy-a,noun,ginger (Zingiber officinale),,,https://en.wiktionary.org/wiki/luy-a,wiktionary,
mais,mais,noun,maize; corn,,,https://en.wiktionary.org/wiki/mais,wiktionary,
mamaw,mamaw,noun,"(UK, dialect, Scottish lowlands) One's mother.",,,https://en.wiktionary.org/wiki/mamaw,wiktionary,
man-og,man-og,noun,snake,,,https://en.wiktionary.org/wiki/man-og,wiktionary,
mananap,mananap,noun,"any animal Coordinate terms: hayop, ihalas",,,https://en.wiktionary.org/wiki/mananap,wiktionary,
manang,manang,noun,elder sister; big sister,,,https://en.wiktionary.org/wiki/manang,wiktionary,
manay,manay,noun,male ca kading manay ― a male goat,,,https://en.wiktionary.org/wiki/manay,wiktionary,
manok,manok,noun,"chicken, poultry, fowl",,,https://en.wiktionary.org/wiki/manok,wiktionary,
manol,manol,noun,the Arabian jasmine (Jasminum sambac),,,https://en.wiktionary.org/wiki/manol,wiktionary,
manong,manong,noun,elder brother; big brother,,,https://en.wiktionary.org/wiki/manong,wiktionary,
manoy,manoy,noun,elder brother; big brother Nagtatabang si manoy sa samuyang mga magurang sa mga gibohon sa harong.Our big brother helps our parents do housework.,,,https://en.wiktionary.org/wiki/manoy,wiktionary,
mangga,mangga,noun,mango,,,https://en.wiktionary.org/wiki/mangga,wiktionary,
mango,mango,noun,"A tropical Asian fruit tree, Mangifera indica.",,,https://en.wiktionary.org/wiki/mango,wiktionary,
maragomo,maragomo,noun,short with someone,,,https://en.wiktionary.org/wiki/maragomo,wiktionary,
mata,mata,noun,"A respectful title for a female spiritual leader or for a wife, mother, or grandmother of a male spiritual leader.",,,https://en.wiktionary.org/wiki/mata,wiktionary,
matápan,matápan,noun,"flat, level, plain",,,https://en.wiktionary.org/wiki/mat%C3%A1pan,wiktionary,
milok,milok,noun,eyelash,,,https://en.wiktionary.org/wiki/milok,wiktionary,
monyeka,monyeka,noun,alternative spelling of munyeka,,,https://en.wiktionary.org/wiki/monyeka,wiktionary,
multa,multa,noun,fine,,,https://en.wiktionary.org/wiki/multa,wiktionary,
mumho,mumho,noun,fallen crumbs of cooked rice on the floor or table,,,https://en.wiktionary.org/wiki/mumho,wiktionary,
munga,munga,noun,(obsolete) The bonnet monkey.,,,https://en.wiktionary.org/wiki/munga,wiktionary,
musika,musika,noun,music,,,https://en.wiktionary.org/wiki/musika,wiktionary,
namit,namit,noun,"taste, flavor",,,https://en.wiktionary.org/wiki/namit,wiktionary,
Negrense,negrense,noun,A native or inhabitant of the Philippine island of Negros,,,https://en.wiktionary.org/wiki/Negrense,wiktionary,
nipa,nipa,noun,A palm tree of the species Nypa fruticans.,,,https://en.wiktionary.org/wiki/nipa,wiktionary,
numero,numero,noun,The sign ⟨ № ⟩.,,,https://en.wiktionary.org/wiki/numero,wiktionary,
ngalan,ngalan,noun,name,,,https://en.wiktionary.org/wiki/ngalan,wiktionary,
okra,okra,noun,"The edible immature mucilaginous seed pod (properly, capsule) of the Abelmoschus esculentus.",,,https://en.wiktionary.org/wiki/okra,wiktionary,
paa,paa,noun,(international standards) ISO 639-2 & ISO 639-5 language code for Papuan languages.,,,https://en.wiktionary.org/wiki/paa,wiktionary,
paalam,paalam,noun,causative of álam,,,https://en.wiktionary.org/wiki/paalam,wiktionary,
pabrika,pabrika,noun,factory,,,https://en.wiktionary.org/wiki/pabrika,wiktionary,
pader,pader,noun,stone or concrete wall or fence,,,https://en.wiktionary.org/wiki/pader,wiktionary,
padong,padong,noun,umbrella,,,https://en.wiktionary.org/wiki/padong,wiktionary,
padugi,padugi,noun,method,,,https://en.wiktionary.org/wiki/padugi,wiktionary,
paglaum,paglaum,noun,hope,,,https://en.wiktionary.org/wiki/paglaum,wiktionary,
paka,paka,noun,frog,,,https://en.wiktionary.org/wiki/paka,wiktionary,
paklay,paklay,noun,"a Filipino dish made from various pork, goat, or beef tripe or offal (internal organs), with sautéed spices, such as julienned ginger, chilis (siling mahaba), bamboo shoots (labong), carrots, bell pepper, tomatoes, garlic, onions, and black pepper, among other ingredients, especially in the cuisine of Central Visayas and Mindanao",,,https://en.wiktionary.org/wiki/paklay,wiktionary,
palahubog,palahubog,noun,"drunkard, alcoholic",,,https://en.wiktionary.org/wiki/palahubog,wiktionary,
panakot,panakot,noun,a spice,,,https://en.wiktionary.org/wiki/panakot,wiktionary,
pananglitan,pananglitan,noun,"an analogy, example, or illustration",,,https://en.wiktionary.org/wiki/pananglitan,wiktionary,
pangalikog,pangalikog,noun,a probe,,,https://en.wiktionary.org/wiki/pangalikog,wiktionary,
panganud,panganud,noun,cloud,,,https://en.wiktionary.org/wiki/panganud,wiktionary,
paryente,paryente,noun,a relative,,,https://en.wiktionary.org/wiki/paryente,wiktionary,
pasahi,pasahi,noun,"extraordinary, exceptional, remarkable",,,https://en.wiktionary.org/wiki/pasahi,wiktionary,
Passinhon,passinhon,noun,resident or inhabitant of Passi,,,https://en.wiktionary.org/wiki/Passinhon,wiktionary,
patani,patani,noun,lima beans,,,https://en.wiktionary.org/wiki/patani,wiktionary,
patatas,patatas,noun,a potato,,,https://en.wiktionary.org/wiki/patatas,wiktionary,
patay,patay,noun,to kill,,,https://en.wiktionary.org/wiki/patay,wiktionary,
pating,pating,noun,shark,,,https://en.wiktionary.org/wiki/pating,wiktionary,
patron,patron,noun,"One who protects or supports; a defender or advocate. c. 1590–1592 (date written), William Shakespeare, “The Taming of the Shrew”, in Mr. William Shakespeares Comedies, Histories, & Tragedies […] (First Folio), London: […] Isaac Iaggard, and Ed[ward] Blount, published 1623, →OCLC, [Act IV, scene ii]:patron of my life and liberty",,,https://en.wiktionary.org/wiki/patron,wiktionary,
payong,payong,noun,(historical) A parasol used as a Javanese emblem of rank.,,,https://en.wiktionary.org/wiki/payong,wiktionary,
pelikula,pelikula,noun,(photography) film (medium used to capture images),,,https://en.wiktionary.org/wiki/pelikula,wiktionary,
petsay,petsay,noun,Chinese cabbage (either napa cabbage or bok choy),,,https://en.wiktionary.org/wiki/petsay,wiktionary,
pigtot,pigtot,noun,coccyx; tailbone,,,https://en.wiktionary.org/wiki/pigtot,wiktionary,
pikoy,pikoy,noun,"(anatomy, humorous) the penis",,,https://en.wiktionary.org/wiki/pikoy,wiktionary,
pilak,pilak,noun,silver,,,https://en.wiktionary.org/wiki/pilak,wiktionary,
pildoras,pildoras,noun,pill,,,https://en.wiktionary.org/wiki/pildoras,wiktionary,
pililion,pililion,noun,"nominee, one who is worthy or desirable to be chosen",,,https://en.wiktionary.org/wiki/pililion,wiktionary,
pito,pito,noun,A type of beer made from fermented millet or sorghum in parts of West Africa.,,,https://en.wiktionary.org/wiki/pito,wiktionary,
piyansa,piyansa,noun,(law) bail,,,https://en.wiktionary.org/wiki/piyansa,wiktionary,
pobre,pobre,noun,poor; impoverished,,,https://en.wiktionary.org/wiki/pobre,wiktionary,
polbora,polbora,noun,gunpowder,,,https://en.wiktionary.org/wiki/polbora,wiktionary,
Pototanon,pototanon,noun,resident or inhabitant of Pototan,,,https://en.wiktionary.org/wiki/Pototanon,wiktionary,
premyo,premyo,noun,alternative form of premiyo,,,https://en.wiktionary.org/wiki/premyo,wiktionary,
primo,primo,noun,(music) The principal part of a duet.,,,https://en.wiktionary.org/wiki/primo,wiktionary,
probinsya,probinsya,noun,alternative spelling of probinsiya,,,https://en.wiktionary.org/wiki/probinsya,wiktionary,
propeta,propeta,noun,prophet,,,https://en.wiktionary.org/wiki/propeta,wiktionary,
pulu,pulu,noun,"A silky material obtained from the fibres of Cibotium glaucum, a tree fern of Hawaii.",,,https://en.wiktionary.org/wiki/pulu,wiktionary,
punoan,punoan,noun,"base, foot (of trees)",,,https://en.wiktionary.org/wiki/punoan,wiktionary,
punse,punse,noun,a mixed alcoholic drink,,,https://en.wiktionary.org/wiki/punse,wiktionary,
puok,puok,noun,too short,,,https://en.wiktionary.org/wiki/puok,wiktionary,
puol,puol,noun,"monotonous; tedious, repetitious or lacking in variety",,,https://en.wiktionary.org/wiki/puol,wiktionary,
ra-ing,ra-ing,noun,"dirty, grimy, soiled. sullied",,,https://en.wiktionary.org/wiki/ra-ing,wiktionary,
ramay,ramay,noun,rice,,,https://en.wiktionary.org/wiki/ramay,wiktionary,
rason,rason,noun,reason; excuse,,,https://en.wiktionary.org/wiki/rason,wiktionary,
relihion,relihion,noun,religion,,,https://en.wiktionary.org/wiki/relihion,wiktionary,
Sabado,sabado,noun,Saturday,,,https://en.wiktionary.org/wiki/Sabado,wiktionary,
sabak,sabak,noun,alternative form of sabat,,,https://en.wiktionary.org/wiki/sabak,wiktionary,
sabat,sabat,noun,"(architecture) A roofing structure with the street beneath it in Mediterranean and Middle Eastern architecture, serving to support buildings or to cool pedestrians by maximizing daytime shade and accelerating breezes.",,,https://en.wiktionary.org/wiki/sabat,wiktionary,
sabila,sabila,noun,aloe,,,https://en.wiktionary.org/wiki/sabila,wiktionary,
sablayan,sablayan,noun,clothesline,,,https://en.wiktionary.org/wiki/sablayan,wiktionary,
sag-ang,sag-ang,noun,(anatomy) chin,,,https://en.wiktionary.org/wiki/sag-ang,wiktionary,
sagad,sagad,noun,commonly; usually,,,https://en.wiktionary.org/wiki/sagad,wiktionary,
Sagaynon,sagaynon,noun,resident or inhabitant of Sagay,,,https://en.wiktionary.org/wiki/Sagaynon,wiktionary,
saging,saging,noun,banana,,,https://en.wiktionary.org/wiki/saging,wiktionary,
sakayanon,sakayanon,noun,a seafarer; a sailor or mariner,,,https://en.wiktionary.org/wiki/sakayanon,wiktionary,
salakay,salakay,noun,attack; assail,,,https://en.wiktionary.org/wiki/salakay,wiktionary,
salaming,salaming,noun,present participle and gerund of salam,,,https://en.wiktionary.org/wiki/salaming,wiktionary,
salapi,salapi,noun,money,,,https://en.wiktionary.org/wiki/salapi,wiktionary,
salbabida,salbabida,noun,life preserver; life jacket,,,https://en.wiktionary.org/wiki/salbabida,wiktionary,
salsalon,salsalon,noun,iron,,,https://en.wiktionary.org/wiki/salsalon,wiktionary,
salug,salug,noun,floor,,,https://en.wiktionary.org/wiki/salug,wiktionary,
samad,samad,noun,cut,,,https://en.wiktionary.org/wiki/samad,wiktionary,
sambag,sambag,noun,tamarind (Tamarindus indica),,,https://en.wiktionary.org/wiki/sambag,wiktionary,
samong,samong,noun,a species of top snail (Trochus niloticus),,,https://en.wiktionary.org/wiki/samong,wiktionary,
sampal,sampal,noun,slap on the face,,,https://en.wiktionary.org/wiki/sampal,wiktionary,
sansaw,sansaw,noun,grass jelly,,,https://en.wiktionary.org/wiki/sansaw,wiktionary,
sanga,sanga,noun,"(Australia, colloquial) Sandwich.",,,https://en.wiktionary.org/wiki/sanga,wiktionary,
sapatos,sapatos,noun,shoe,,,https://en.wiktionary.org/wiki/sapatos,wiktionary,
semana,semana,noun,week,,,https://en.wiktionary.org/wiki/semana,wiktionary,
sentimyento,sentimyento,noun,alternative form of sentimiyento,,,https://en.wiktionary.org/wiki/sentimyento,wiktionary,
seremonya,seremonya,noun,ceremony,,,https://en.wiktionary.org/wiki/seremonya,wiktionary,
serip,serip,noun,sheriff,,,https://en.wiktionary.org/wiki/serip,wiktionary,
sibat,sibat,noun,to run away,,,https://en.wiktionary.org/wiki/sibat,wiktionary,
sibuyas,sibuyas,noun,onion,,,https://en.wiktionary.org/wiki/sibuyas,wiktionary,
sid-o,sid-o,noun,hiccup,,,https://en.wiktionary.org/wiki/sid-o,wiktionary,
sidlangan,sidlangan,noun,east,,,https://en.wiktionary.org/wiki/sidlangan,wiktionary,
sidra,sidra,noun,cider,,,https://en.wiktionary.org/wiki/sidra,wiktionary,
sielo,sielo,noun,"heaven, firmament, sky",,,https://en.wiktionary.org/wiki/sielo,wiktionary,
sikdo,sikdo,noun,hiccup,,,https://en.wiktionary.org/wiki/sikdo,wiktionary,
siko,siko,noun,elbow,,,https://en.wiktionary.org/wiki/siko,wiktionary,
sinelas,sinelas,noun,alternative form of tsinelas,,,https://en.wiktionary.org/wiki/sinelas,wiktionary,
sip-on,sip-on,noun,"(Partido, Sorsogon) alternative form of sìpon (“common cold”)",,,https://en.wiktionary.org/wiki/sip-on,wiktionary,
sip-onon,sip-onon,noun,sniveler; sniffler,,,https://en.wiktionary.org/wiki/sip-onon,wiktionary,
sirip,sirip,noun,sheriff,,,https://en.wiktionary.org/wiki/sirip,wiktionary,
siya,siya,noun,alternative form of siella,,,https://en.wiktionary.org/wiki/siya,wiktionary,
sobre,sobre,noun,envelope,,,https://en.wiktionary.org/wiki/sobre,wiktionary,
sokla,sokla,noun,silk,,,https://en.wiktionary.org/wiki/sokla,wiktionary,
soldado,soldado,noun,"A soldier, in Spanish-speaking contexts.",,,https://en.wiktionary.org/wiki/soldado,wiktionary,
suba,suba,noun,(kasar) already,,,https://en.wiktionary.org/wiki/suba,wiktionary,
subay,subay,noun,"bachelor, bachelorette; unmarried person. (mostly of men) Bütün subaylara qismət olsun.May [this] be the destiny for all bachelors. [usage 1]",,,https://en.wiktionary.org/wiki/subay,wiktionary,
sulod,sulod,noun,inside,,,https://en.wiktionary.org/wiki/sulod,wiktionary,
sulog,sulog,noun,rooster (young),,,https://en.wiktionary.org/wiki/sulog,wiktionary,
sulud,sulud,noun,nominative plural of sulg,,,https://en.wiktionary.org/wiki/sulud,wiktionary,
sumalayhaw,sumalayhaw,noun,cockerel; young cock,,,https://en.wiktionary.org/wiki/sumalayhaw,wiktionary,
sun-adan,sun-adan,noun,fireplace,,,https://en.wiktionary.org/wiki/sun-adan,wiktionary,
sundang,sundang,noun,(Philippines) A kind of dagger or short machete.,,,https://en.wiktionary.org/wiki/sundang,wiktionary,
sunlog,sunlog,noun,tease,,,https://en.wiktionary.org/wiki/sunlog,wiktionary,
sungay,sungay,noun,horn,,,https://en.wiktionary.org/wiki/sungay,wiktionary,
suyak,suyak,noun,slashed tire,,,https://en.wiktionary.org/wiki/suyak,wiktionary,
taas,taas,noun,plural of taa,,,https://en.wiktionary.org/wiki/taas,wiktionary,
tagiposoon,tagiposoon,noun,heart,,,https://en.wiktionary.org/wiki/tagiposoon,wiktionary,
tagipusoon,tagipusoon,noun,alternative form of tagiposoon,,,https://en.wiktionary.org/wiki/tagipusoon,wiktionary,
tagipusuon,tagipusuon,noun,(anatomy) heart,,,https://en.wiktionary.org/wiki/tagipusuon,wiktionary,
tagna,tagna,noun,guess; predict,,,https://en.wiktionary.org/wiki/tagna,wiktionary,
tahum,tahum,noun,"beauty, prettiness, attractiveness",,,https://en.wiktionary.org/wiki/tahum,wiktionary,
takuri,takuri,noun,kettle; teapot,,,https://en.wiktionary.org/wiki/takuri,wiktionary,
talong,talong,noun,"eggplant, aubergine",,,https://en.wiktionary.org/wiki/talong,wiktionary,
tampis,tampis,noun,"apron, skirt",,,https://en.wiktionary.org/wiki/tampis,wiktionary,
tampok,tampok,noun,elite,,,https://en.wiktionary.org/wiki/tampok,wiktionary,
tampulanga,tampulanga,noun,(botany) hibiscus,,,https://en.wiktionary.org/wiki/tampulanga,wiktionary,
tandaan,tandaan,noun,"sign, signal",,,https://en.wiktionary.org/wiki/tandaan,wiktionary,
tanhaga,tanhaga,noun,"extraordinary, marvelous, wonderful",,,https://en.wiktionary.org/wiki/tanhaga,wiktionary,
tanga,tanga,noun,"(historical) Any of various former Asian coins, including: a coin of Portuguese India worth one tenth of a rupee; a gold coin of India issued by various Muslim rulers; a silver coin of India, also issued by Muslim rulers; and a former silver coin of Tibet.",,,https://en.wiktionary.org/wiki/tanga,wiktionary,
tangis,tangis,noun,plural of tangi,,,https://en.wiktionary.org/wiki/tangis,wiktionary,
tangkugo,tangkugo,noun,(anatomy) nape,,,https://en.wiktionary.org/wiki/tangkugo,wiktionary,
tawo,tawo,noun,man; person; human being,,,https://en.wiktionary.org/wiki/tawo,wiktionary,
taya,taya,noun,bet; wager,,,https://en.wiktionary.org/wiki/taya,wiktionary,
tayobong,tayobong,noun,starch,,,https://en.wiktionary.org/wiki/tayobong,wiktionary,
telepono,telepono,noun,telephone,,,https://en.wiktionary.org/wiki/telepono,wiktionary,
teolohia,teolohia,noun,theology,,,https://en.wiktionary.org/wiki/teolohia,wiktionary,
tesorero,tesorero,noun,treasurer,,,https://en.wiktionary.org/wiki/tesorero,wiktionary,
tibakla,tibakla,noun,grasshopper,,,https://en.wiktionary.org/wiki/tibakla,wiktionary,
tigilinit,tigilinit,noun,summer,,,https://en.wiktionary.org/wiki/tigilinit,wiktionary,
tiil,tiil,noun,"a foot, in its senses as (anatomy) a human foot (zoology) any equivalent body part of an animal",,,https://en.wiktionary.org/wiki/tiil,wiktionary,
tiilan,tiilan,noun,the lower part of,,,https://en.wiktionary.org/wiki/tiilan,wiktionary,
tiki,tiki,noun,"Carved talisman in humanoid form, common to the cultures of the Pacific Ocean.",,,https://en.wiktionary.org/wiki/tiki,wiktionary,
tikling,tikling,noun,a rail; any member of the family Rallidae,,,https://en.wiktionary.org/wiki/tikling,wiktionary,
tikoy,tikoy,noun,nian gao (a Chinese New Year cake made of glutinous rice flour),,,https://en.wiktionary.org/wiki/tikoy,wiktionary,
tililawan,tililawan,noun,"test, trial",,,https://en.wiktionary.org/wiki/tililawan,wiktionary,
timaan,timaan,noun,symbol,,,https://en.wiktionary.org/wiki/timaan,wiktionary,
timawa,timawa,noun,impoverished,,,https://en.wiktionary.org/wiki/timawa,wiktionary,
timbangan,timbangan,noun,scale (device used to measure mass or weight),,,https://en.wiktionary.org/wiki/timbangan,wiktionary,
tindak,tindak,noun,kick,,,https://en.wiktionary.org/wiki/tindak,wiktionary,
tingulan,tingulan,noun,rainy season; wet season; monsoon season,,,https://en.wiktionary.org/wiki/tingulan,wiktionary,
tiyan,tiyan,noun,"(anatomy) belly, abdomen",,,https://en.wiktionary.org/wiki/tiyan,wiktionary,
toktok,toktok,noun,to knock,,,https://en.wiktionary.org/wiki/toktok,wiktionary,
tornilyo,tornilyo,noun,"screw, bolt",,,https://en.wiktionary.org/wiki/tornilyo,wiktionary,
toro,toro,noun,A traditional Japanese lantern.,,,https://en.wiktionary.org/wiki/toro,wiktionary,
tubig,tubig,noun,water,,,https://en.wiktionary.org/wiki/tubig,wiktionary,
tudlo,tudlo,noun,(anatomy) finger,,,https://en.wiktionary.org/wiki/tudlo,wiktionary,
tudlo sang dalaga,tudlo sang dalaga,noun,a type of banana,,,https://en.wiktionary.org/wiki/tudlo_sang_dalaga,wiktionary,
tuhod,tuhod,noun,(anatomy) knee,,,https://en.wiktionary.org/wiki/tuhod,wiktionary,
tuig,tuig,noun,year,,,https://en.wiktionary.org/wiki/tuig,wiktionary,
tuko,tuko,noun,gecko,,,https://en.wiktionary.org/wiki/tuko,wiktionary,
tul-an,tul-an,noun,bone,,,https://en.wiktionary.org/wiki/tul-an,wiktionary,
tulug,tulug,noun,to sleep,,,https://en.wiktionary.org/wiki/tulug,wiktionary,
tunok,tunok,noun,(botany) thorn,,,https://en.wiktionary.org/wiki/tunok,wiktionary,
ugangan,ugangan,noun,parent-in-law,,,https://en.wiktionary.org/wiki/ugangan,wiktionary,
ugtu,ugtu,noun,noon,,,https://en.wiktionary.org/wiki/ugtu,wiktionary,
uhaw,uhaw,noun,thirsty Coordinate term: gutom,,,https://en.wiktionary.org/wiki/uhaw,wiktionary,
ulan,ulan,noun,Alternative form of uhlan.,,,https://en.wiktionary.org/wiki/ulan,wiktionary,
ulo,ulo,noun,(anatomy) head,,,https://en.wiktionary.org/wiki/ulo,wiktionary,
ulod,ulod,noun,worm,,,https://en.wiktionary.org/wiki/ulod,wiktionary,
unsa,unsa,noun,(interrogative) what Nag-unsa ka? ― What are you doing? Unsa ang imong kinahanglan? ― What do you need?,,,https://en.wiktionary.org/wiki/unsa,wiktionary,
upod,upod,noun,"too, also, as well as",,,https://en.wiktionary.org/wiki/upod,wiktionary,
urang,urang,noun,rain,,,https://en.wiktionary.org/wiki/urang,wiktionary,
urok,urok,noun,dimple,,,https://en.wiktionary.org/wiki/urok,wiktionary,
utak,utak,noun,(anatomy) brain,,,https://en.wiktionary.org/wiki/utak,wiktionary,
utang,utang,noun,debt,,,https://en.wiktionary.org/wiki/utang,wiktionary,
utod,utod,noun,to cut,,,https://en.wiktionary.org/wiki/utod,wiktionary,
utok,utok,noun,brain,,,https://en.wiktionary.org/wiki/utok,wiktionary,
utud,utud,noun,something cut off or broken off,,,https://en.wiktionary.org/wiki/utud,wiktionary,
uyang,uyang,noun,grandmother,,,https://en.wiktionary.org/wiki/uyang,wiktionary,
wala,wala,noun,Alternative spelling of wallah.,,,https://en.wiktionary.org/wiki/wala,wiktionary,
wasay,wasay,noun,an axe,,,https://en.wiktionary.org/wiki/wasay,wiktionary,
wayang,wayang,noun,"Traditional Indonesian arts performance (shadow puppetry, theatrical, dance, etc.) originating from Java island.",,,https://en.wiktionary.org/wiki/wayang,wiktionary,
yahong,yahong,noun,a soup bowl,,,https://en.wiktionary.org/wiki/yahong,wiktionary,
yawa,yawa,noun,(theology) devil,,,https://en.wiktionary.org/wiki/yawa,wiktionary,
anum,anum,noun,(Twi) five,,,https://en.wiktionary.org/wiki/anum,wiktionary,
apat,apat,noun,four,,,https://en.wiktionary.org/wiki/apat,wiktionary,
duha,duha,noun,two,,,https://en.wiktionary.org/wiki/duha,wiktionary,
gatus,gatus,noun,hundred,,,https://en.wiktionary.org/wiki/gatus,wiktionary,
kalim-an,kalim-an,noun,fifty,,,https://en.wiktionary.org/wiki/kalim-an,wiktionary,
kaluhaan,kaluhaan,noun,twenty,,,https://en.wiktionary.org/wiki/kaluhaan,wiktionary,
kan-uman,kan-uman,noun,sixty,,,https://en.wiktionary.org/wiki/kan-uman,wiktionary,
kap-atan,kap-atan,noun,forty,,,https://en.wiktionary.org/wiki/kap-atan,wiktionary,
kasiyaman,kasiyaman,noun,ninety,,,https://en.wiktionary.org/wiki/kasiyaman,wiktionary,
libo,libo,noun,thousand,,,https://en.wiktionary.org/wiki/libo,wiktionary,
napulo,napulo,noun,ten; 10,,,https://en.wiktionary.org/wiki/napulo,wiktionary,
napulo'g anum,napulo'g anum,noun,sixteen,,,https://en.wiktionary.org/wiki/napulo%27g_anum,wiktionary,
napulo'g apat,napulo'g apat,noun,fourteen,,,https://en.wiktionary.org/wiki/napulo%27g_apat,wiktionary,
napulo'g duha,napulo'g duha,noun,"Deprecated, pre-2014 spelling of napulog duha.",,,https://en.wiktionary.org/wiki/napulo%27g_duha,wiktionary,
napulo'g isa,napulo'g isa,noun,eleven,,,https://en.wiktionary.org/wiki/napulo%27g_isa,wiktionary,
napulo'g lima,napulo'g lima,noun,"Deprecated, pre-2014 spelling of napulog lima.",,,https://en.wiktionary.org/wiki/napulo%27g_lima,wiktionary,
napulo'g pito,napulo'g pito,noun,"Deprecated, pre-2014 spelling of napulog pito.",,,https://en.wiktionary.org/wiki/napulo%27g_pito,wiktionary,
napulo'g siyam,napulo'g siyam,noun,"Deprecated, pre-2014 spelling of napulog siyam.",,,https://en.wiktionary.org/wiki/napulo%27g_siyam,wiktionary,
napulo'g tatlo,napulo'g tatlo,noun,thirteen,,,https://en.wiktionary.org/wiki/napulo%27g_tatlo,wiktionary,
napulo'g walo,napulo'g walo,noun,"Deprecated, pre-2014 spelling of napulog walo.",,,https://en.wiktionary.org/wiki/napulo%27g_walo,wiktionary,
siyam,siyam,noun,nine,,,https://en.wiktionary.org/wiki/siyam,wiktionary,
tatlo,tatlo,noun,three,,,https://en.wiktionary.org/wiki/tatlo,wiktionary,
walo,walo,noun,eight,,,https://en.wiktionary.org/wiki/walo,wiktionary,
halong,halong,phrase,to handle with care,,,https://en.wiktionary.org/wiki/halong,wiktionary,
bago,bago,phrase,"new (recently made or introduced) Antonyms: luma, daan",,,https://en.wiktionary.org/wiki/bago,wiktionary,
buot,buot,phrase,to rub,,,https://en.wiktionary.org/wiki/buot,wiktionary,
sulud,sulud,phrase,nominative plural of sulg,,,https://en.wiktionary.org/wiki/sulud,wiktionary,
adto,adto,pronoun,to go there (to a place far from both the speaker and listener),,,https://en.wiktionary.org/wiki/adto,wiktionary,
aton,aton,pronoun,us,,,https://en.wiktionary.org/wiki/aton,wiktionary,
daya,daya,pronoun,(anatomy) blood,,,https://en.wiktionary.org/wiki/daya,wiktionary,
ikaw,ikaw,pronoun,you,,,https://en.wiktionary.org/wiki/ikaw,wiktionary,
ini,ini,pronoun,"(Balakan, Qakh, Sheki, Zaqatala) husband's brother",,,https://en.wiktionary.org/wiki/ini,wiktionary,
kami,kami,pronoun,"(religion, Shinto) An animistic god or spirit in the Shinto religion of Japan.",,,https://en.wiktionary.org/wiki/kami,wiktionary,
kamo,kamo,pronoun,(in the plural) you,,,https://en.wiktionary.org/wiki/kamo,wiktionary,
kita,kita,pronoun,we (inclusive),,,https://en.wiktionary.org/wiki/kita,wiktionary,
sila,sila,pronoun,cross-legged seating position,,,https://en.wiktionary.org/wiki/sila,wiktionary,
sin-o,sin-o,pronoun,who,,,https://en.wiktionary.org/wiki/sin-o,wiktionary,
siya,siya,pronoun,alternative form of siella,,,https://en.wiktionary.org/wiki/siya,wiktionary,
yari,yari,pronoun,(weaponry) Any of various sizes of spear used in Japanese martial arts.,,,https://en.wiktionary.org/wiki/yari,wiktionary,
ab-ab,ab-ab,verb,to eat,,,https://en.wiktionary.org/wiki/ab-ab,wiktionary,
abaga,abaga,verb,(anatomy) shoulder,,,https://en.wiktionary.org/wiki/abaga,wiktionary,
abak,abak,verb,abacus,,,https://en.wiktionary.org/wiki/abak,wiktionary,
abak-abak,abak-abak,verb,diminutive of ábak,,,https://en.wiktionary.org/wiki/abak-abak,wiktionary,
aban,aban,verb,one,,,https://en.wiktionary.org/wiki/aban,wiktionary,
abaniko,abaniko,verb,hand fan,,,https://en.wiktionary.org/wiki/abaniko,wiktionary,
abang,abang,verb,window (opening for light and air),,,https://en.wiktionary.org/wiki/abang,wiktionary,
abang-abang,abang-abang,verb,"midnight horror (Oroxylum indicum, a tree where its leaves are used as a plaster in treating boils and other swollen body parts)",,,https://en.wiktionary.org/wiki/abang-abang,wiktionary,
abat,abat,verb,abbot (superior of an abbey),,,https://en.wiktionary.org/wiki/abat,wiktionary,
abat-abat,abat-abat,verb,diminutive of ábat,,,https://en.wiktionary.org/wiki/abat-abat,wiktionary,
abay,abay,verb,(obsolete) Barking or baying of dogs at their prey. [Attested from around (1150 to 1350) until the late 17th century.][1],,,https://en.wiktionary.org/wiki/abay,wiktionary,
abay-abay,abay-abay,verb,diminutive of abáy,,,https://en.wiktionary.org/wiki/abay-abay,wiktionary,
abi-abi,abi-abi,verb,greeting; salutation,,,https://en.wiktionary.org/wiki/abi-abi,wiktionary,
abian,abian,verb,"underway, running",,,https://en.wiktionary.org/wiki/abian,wiktionary,
abiar,abiar,verb,to invite,,,https://en.wiktionary.org/wiki/abiar,wiktionary,
abibar,abibar,verb,"to urge, encourage, rouse",,,https://en.wiktionary.org/wiki/abibar,wiktionary,
abiog,abiog,verb,"to move to and fro, to swing or rock",,,https://en.wiktionary.org/wiki/abiog,wiktionary,
abisar,abisar,verb,"to advise, inform, notify",,,https://en.wiktionary.org/wiki/abisar,wiktionary,
abiso,abiso,verb,advisory; announcement; notice; warning,,,https://en.wiktionary.org/wiki/abiso,wiktionary,
ablang,ablang,verb,"breadth, width",,,https://en.wiktionary.org/wiki/ablang,wiktionary,
ablay,ablay,verb,shawl,,,https://en.wiktionary.org/wiki/ablay,wiktionary,
abo-abo,abo-abo,verb,"the color of ash, ashen",,,https://en.wiktionary.org/wiki/abo-abo,wiktionary,
abonar,abonar,verb,"to accredit, to make (someone) appear good",,,https://en.wiktionary.org/wiki/abonar,wiktionary,
aboy,aboy,verb,spouse,,,https://en.wiktionary.org/wiki/aboy,wiktionary,
abrasita,abrasita,verb,hug,,,https://en.wiktionary.org/wiki/abrasita,wiktionary,
abraso,abraso,verb,first-person singular present indicative of abrasar,,,https://en.wiktionary.org/wiki/abraso,wiktionary,
abri,abri,verb,(geology) a shelter; a cavity in a hillside; a shelter on the side of hill with an overhung rock as its roof[1] [First attested in the early 19th century.][2],,,https://en.wiktionary.org/wiki/abri,wiktionary,
abrisita,abrisita,verb,alternative spelling of abrasíta,,,https://en.wiktionary.org/wiki/abrisita,wiktionary,
abtan,abtan,verb,arrive,,,https://en.wiktionary.org/wiki/abtan,wiktionary,
abud,abud,verb,(rare) budding,,,https://en.wiktionary.org/wiki/abud,wiktionary,
abukay,abukay,verb,red-vented cockatoo (Cacatua haematuropygia),,,https://en.wiktionary.org/wiki/abukay,wiktionary,
abung,abung,verb,to intercept; to stop; to catch,,,https://en.wiktionary.org/wiki/abung,wiktionary,
abusar,abusar,verb,"(intransitive, abusar de) to abuse (use improperly)",,,https://en.wiktionary.org/wiki/abusar,wiktionary,
abuso,abuso,verb,abuse,,,https://en.wiktionary.org/wiki/abuso,wiktionary,
abut,abut,verb,"(intransitive) To touch by means of a mutual border, edge or end; to border on; to lie adjacent (to); to be contiguous (said of an area of land) [First attested around 1350 to 1470.][3] It was a time when Germany still abutted upon Russia. His land abuts on the road.",,,https://en.wiktionary.org/wiki/abut,wiktionary,
abut-abut,abut-abut,verb,frequentative of abút,,,https://en.wiktionary.org/wiki/abut-abut,wiktionary,
abwa,abwa,verb,make,,,https://en.wiktionary.org/wiki/abwa,wiktionary,
abyog,abyog,verb,"to swing, oscillate",,,https://en.wiktionary.org/wiki/abyog,wiktionary,
adorno,adorno,verb,"A clay ornament attached to a piece of pottery, usually at the rim.",,,https://en.wiktionary.org/wiki/adorno,wiktionary,
agao,agao,verb,to seize or take by force,,,https://en.wiktionary.org/wiki/agao,wiktionary,
agda,agda,verb,to invite,,,https://en.wiktionary.org/wiki/agda,wiktionary,
agwanta,agwanta,verb,to endure; to put up with; to tolerate,,,https://en.wiktionary.org/wiki/agwanta,wiktionary,
akal-akal,akal-akal,verb,to bubble or seethe,,,https://en.wiktionary.org/wiki/akal-akal,wiktionary,
alagad,alagad,verb,but; however; yet,,,https://en.wiktionary.org/wiki/alagad,wiktionary,
alamilaw,alamilaw,verb,to doze,,,https://en.wiktionary.org/wiki/alamilaw,wiktionary,
alinga,alinga,verb,to watch; to see over; to supervise,,,https://en.wiktionary.org/wiki/alinga,wiktionary,
alipasa,alipasa,verb,"hurry, rush",,,https://en.wiktionary.org/wiki/alipasa,wiktionary,
almoranas,almoranas,verb,(pathology) hemorrhoid,,,https://en.wiktionary.org/wiki/almoranas,wiktionary,
amba,amba,verb,"A characteristic landform in Ethiopia: a steep-sided, flat-topped mountain, often the site of a settlement.",,,https://en.wiktionary.org/wiki/amba,wiktionary,
amoma,amoma,verb,"regale, treat with food and drink",,,https://en.wiktionary.org/wiki/amoma,wiktionary,
ampo,ampo,verb,A Javan snack food consisting of thin sticks of baked earth.,,,https://en.wiktionary.org/wiki/ampo,wiktionary,
anad,anad,verb,accustomed to; skilled at; expert in,,,https://en.wiktionary.org/wiki/anad,wiktionary,
anila,anila,verb,beehive,,,https://en.wiktionary.org/wiki/anila,wiktionary,
aninaw,aninaw,verb,to observe carefully,,,https://en.wiktionary.org/wiki/aninaw,wiktionary,
ankla,ankla,verb,anchor,,,https://en.wiktionary.org/wiki/ankla,wiktionary,
angkab,angkab,verb,a take a bite,,,https://en.wiktionary.org/wiki/angkab,wiktionary,
arado,arado,verb,plow/plough,,,https://en.wiktionary.org/wiki/arado,wiktionary,
asin,asin,verb,salt,,,https://en.wiktionary.org/wiki/asin,wiktionary,
aslum,aslum,verb,sourness,,,https://en.wiktionary.org/wiki/aslum,wiktionary,
aspalto,aspalto,verb,asphalt,,,https://en.wiktionary.org/wiki/aspalto,wiktionary,
athag,athag,verb,"clear, distinct",,,https://en.wiktionary.org/wiki/athag,wiktionary,
atubang,atubang,verb,manner of facing on a position,,,https://en.wiktionary.org/wiki/atubang,wiktionary,
awat,awat,verb,Manila hemp (fiber of an abaca),,,https://en.wiktionary.org/wiki/awat,wiktionary,
ayag,ayag,verb,sift,,,https://en.wiktionary.org/wiki/ayag,wiktionary,
ayo,ayo,verb,(slang) A greeting.,,,https://en.wiktionary.org/wiki/ayo,wiktionary,
baak,baak,verb,crevice,,,https://en.wiktionary.org/wiki/baak,wiktionary,
baas,baas,verb,"(South Africa) An employer, a boss (frequently used as a form of address).",,,https://en.wiktionary.org/wiki/baas,wiktionary,
badlak,badlak,verb,"beam, dazzle, sparkle",,,https://en.wiktionary.org/wiki/badlak,wiktionary,
bahon,bahon,verb,sneeze,,,https://en.wiktionary.org/wiki/bahon,wiktionary,
bahoy,bahoy,verb,"witch, sorceress",,,https://en.wiktionary.org/wiki/bahoy,wiktionary,
bailo,bailo,verb,(historical) title of the Venetian envoy to particularly the Sublime Porte,,,https://en.wiktionary.org/wiki/bailo,wiktionary,
bais,bais,verb,plural of bai,,,https://en.wiktionary.org/wiki/bais,wiktionary,
bakal,bakal,verb,male kid (baby goat),,,https://en.wiktionary.org/wiki/bakal,wiktionary,
balatian,balatian,verb,feeling; sensitivity,,,https://en.wiktionary.org/wiki/balatian,wiktionary,
baleu,baleu,verb,to change; to transform; to transmogrify,,,https://en.wiktionary.org/wiki/baleu,wiktionary,
balhag,balhag,verb,"printed, published",,,https://en.wiktionary.org/wiki/balhag,wiktionary,
balhas,balhas,verb,sweat,,,https://en.wiktionary.org/wiki/balhas,wiktionary,
balhin,balhin,verb,"alter, change, transform",,,https://en.wiktionary.org/wiki/balhin,wiktionary,
bali,bali,verb,offering,,,https://en.wiktionary.org/wiki/bali,wiktionary,
balibad,balibad,verb,to refuse,,,https://en.wiktionary.org/wiki/balibad,wiktionary,
baligya,baligya,verb,"goods, merchandise",,,https://en.wiktionary.org/wiki/baligya,wiktionary,
balita,balita,verb,news,,,https://en.wiktionary.org/wiki/balita,wiktionary,
balo,balo,verb,"ruining, spoiling, destruction",,,https://en.wiktionary.org/wiki/balo,wiktionary,
banta,banta,verb,to warn someone not to do something,,,https://en.wiktionary.org/wiki/banta,wiktionary,
bantay,bantay,verb,attendant,,,https://en.wiktionary.org/wiki/bantay,wiktionary,
banga,banga,verb,five,,,https://en.wiktionary.org/wiki/banga,wiktionary,
bangis,bangis,verb,violence; cruelty,,,https://en.wiktionary.org/wiki/bangis,wiktionary,
bangon,bangon,verb,to get up,,,https://en.wiktionary.org/wiki/bangon,wiktionary,
bangot,bangot,verb,"bind, tie",,,https://en.wiktionary.org/wiki/bangot,wiktionary,
barit,barit,verb,to sharpen,,,https://en.wiktionary.org/wiki/barit,wiktionary,
bas-on,bas-on,verb,"to be damp, or wet",,,https://en.wiktionary.org/wiki/bas-on,wiktionary,
basa,basa,verb,The catfish Pangasius bocourti.,,,https://en.wiktionary.org/wiki/basa,wiktionary,
basa-basa,basa-basa,verb,to leaf through; to peruse; to skim,,,https://en.wiktionary.org/wiki/basa-basa,wiktionary,
basol,basol,verb,blame; reproach,,,https://en.wiktionary.org/wiki/basol,wiktionary,
bata,bata,verb,"A ceremonial double-headed drum played in triplet in the religion of santería, especially in Cuba and Puerto Rico, originally from the Yoruba of Nigeria. 1990 October 28, Paul Simon, “The Rhythm of the Saints”, in The Coast, Warner Bros.:Two guitars, bata, bass drum and tambourine.",,,https://en.wiktionary.org/wiki/bata,wiktionary,
bati,bati,verb,"Alternative form of batty (“buttocks, anus; homosexual man”).",,,https://en.wiktionary.org/wiki/bati,wiktionary,
bato,bato,verb,stone,,,https://en.wiktionary.org/wiki/bato,wiktionary,
batok,batok,verb,bark (loud utterance by a dog),,,https://en.wiktionary.org/wiki/batok,wiktionary,
baton,baton,verb,"A staff or truncheon, used for various purposes.",,,https://en.wiktionary.org/wiki/baton,wiktionary,
bawi,bawi,verb,woman,,,https://en.wiktionary.org/wiki/bawi,wiktionary,
bayaw,bayaw,verb,brother-in-law,,,https://en.wiktionary.org/wiki/bayaw,wiktionary,
baylo,baylo,verb,"change, exchange, replace",,,https://en.wiktionary.org/wiki/baylo,wiktionary,
bendisyon,bendisyon,verb,"benediction, blessing",,,https://en.wiktionary.org/wiki/bendisyon,wiktionary,
bendita,bendita,verb,holy water,,,https://en.wiktionary.org/wiki/bendita,wiktionary,
bihag,bihag,verb,captive (one who has been captured),,,https://en.wiktionary.org/wiki/bihag,wiktionary,
bika,bika,verb,to spread one's legs,,,https://en.wiktionary.org/wiki/bika,wiktionary,
bilanggo,bilanggo,verb,to imprison; to jail,,,https://en.wiktionary.org/wiki/bilanggo,wiktionary,
bilid,bilid,verb,mountain,,,https://en.wiktionary.org/wiki/bilid,wiktionary,
bilin,bilin,verb,(biochemistry) Any of various biological pigments formed in many organisms as a metabolic product of certain porphyrins.,,,https://en.wiktionary.org/wiki/bilin,wiktionary,
bilwa,bilwa,verb,Alternative form of vilwa.,,,https://en.wiktionary.org/wiki/bilwa,wiktionary,
bino,bino,verb,(physics) The superpartner of the gauge boson corresponding to weak hypercharge. The W and Z bosons are electroweakinos: winos and binos.,,,https://en.wiktionary.org/wiki/bino,wiktionary,
bisyo,bisyo,verb,"bad, wicked, naughty, disobedient",,,https://en.wiktionary.org/wiki/bisyo,wiktionary,
bitas,bitas,verb,to rip; to tear apart,,,https://en.wiktionary.org/wiki/bitas,wiktionary,
bitay,bitay,verb,"to hang to be or remain suspended to cause (something) to be suspended, as from a hook, hanger, or the like to execute (someone) by suspension from the neck to be executed by suspension by one's neck from a gallows, a tree, or other raised bar, attached by a rope tied into a noose to decorate (something) with hanging objects (computing) to stop responding to manual input devices such as keyboard and mouse (computing) to cause (a program or computer) to stop responding",,,https://en.wiktionary.org/wiki/bitay,wiktionary,
bitin,bitin,verb,"a snake; a legless reptile of the sub-order Serpentes with a long, thin body and a fork-shaped tongue",,,https://en.wiktionary.org/wiki/bitin,wiktionary,
bobo,bobo,verb,A materialistic person who affects an anti-materialistic persona.,,,https://en.wiktionary.org/wiki/bobo,wiktionary,
bokbok,bokbok,verb,a type of boring insect,,,https://en.wiktionary.org/wiki/bokbok,wiktionary,
budhi,budhi,verb,to betray,,,https://en.wiktionary.org/wiki/budhi,wiktionary,
bug-os,bug-os,verb,"complete, whole",,,https://en.wiktionary.org/wiki/bug-os,wiktionary,
bugalon,bugalon,verb,to be or become proud,,,https://en.wiktionary.org/wiki/bugalon,wiktionary,
bugas,bugas,verb,"milled rice, white rice",,,https://en.wiktionary.org/wiki/bugas,wiktionary,
bugay,bugay,verb,to give,,,https://en.wiktionary.org/wiki/bugay,wiktionary,
bugkos,bugkos,verb,"bundle, parcel",,,https://en.wiktionary.org/wiki/bugkos,wiktionary,
bugsay,bugsay,verb,"oar, paddle",,,https://en.wiktionary.org/wiki/bugsay,wiktionary,
bugto,bugto,verb,to snap; to fracture or break apart suddenly,,,https://en.wiktionary.org/wiki/bugto,wiktionary,
buhat,buhat,verb,raise; lift; act of picking up something heavy,,,https://en.wiktionary.org/wiki/buhat,wiktionary,
buhin,buhin,verb,subtraction,,,https://en.wiktionary.org/wiki/buhin,wiktionary,
buk-on,buk-on,verb,to cut or open,,,https://en.wiktionary.org/wiki/buk-on,wiktionary,
bukad,bukad,verb,to expand,,,https://en.wiktionary.org/wiki/bukad,wiktionary,
bukadkad,bukadkad,verb,to bloom,,,https://en.wiktionary.org/wiki/bukadkad,wiktionary,
buksan,buksan,verb,open,,,https://en.wiktionary.org/wiki/buksan,wiktionary,
bulag,bulag,verb,to separate; to cause (things or people) to be separate,,,https://en.wiktionary.org/wiki/bulag,wiktionary,
bulak,bulak,verb,An Indian nose ring usually worn by married women.,,,https://en.wiktionary.org/wiki/bulak,wiktionary,
bulakbol,bulakbol,verb,truancy,,,https://en.wiktionary.org/wiki/bulakbol,wiktionary,
bulang,bulang,verb,cockfight,,,https://en.wiktionary.org/wiki/bulang,wiktionary,
buli,buli,verb,(botany) fluttering elm (Ulmus laevis),,,https://en.wiktionary.org/wiki/buli,wiktionary,
buligan,buligan,verb,third-person plural present indicative of buligar,,,https://en.wiktionary.org/wiki/buligan,wiktionary,
buling,buling,verb,"dirt, soot, stain",,,https://en.wiktionary.org/wiki/buling,wiktionary,
bulung,bulung,verb,"drug, medicine",,,https://en.wiktionary.org/wiki/bulung,wiktionary,
bulus,bulus,verb,the beginning of a flood in a flooded river,,,https://en.wiktionary.org/wiki/bulus,wiktionary,
bunit,bunit,verb,"(fishing): angle, hook",,,https://en.wiktionary.org/wiki/bunit,wiktionary,
buntug,buntug,verb,stye,,,https://en.wiktionary.org/wiki/buntug,wiktionary,
bunggo,bunggo,verb,alternative form of bangga,,,https://en.wiktionary.org/wiki/bunggo,wiktionary,
burnil,burnil,verb,to polish; to shine,,,https://en.wiktionary.org/wiki/burnil,wiktionary,
buta,buta,verb,Alternative form of boteh.,,,https://en.wiktionary.org/wiki/buta,wiktionary,
butho,butho,verb,to arrive suddenly and unannounced; to plump in,,,https://en.wiktionary.org/wiki/butho,wiktionary,
buti,buti,verb,"barrel, cask",,,https://en.wiktionary.org/wiki/buti,wiktionary,
butok,butok,verb,to make or force an animal to lie down on its side,,,https://en.wiktionary.org/wiki/butok,wiktionary,
butok-butok,butok-butok,verb,diligent,,,https://en.wiktionary.org/wiki/butok-butok,wiktionary,
buung,buung,verb,"broken, smashed",,,https://en.wiktionary.org/wiki/buung,wiktionary,
buy-an,buy-an,verb,"escape, to let to get away",,,https://en.wiktionary.org/wiki/buy-an,wiktionary,
buyagyag,buyagyag,verb,"betray, expose, make public, tell",,,https://en.wiktionary.org/wiki/buyagyag,wiktionary,
buyayaw,buyayaw,verb,to curse; to swear,,,https://en.wiktionary.org/wiki/buyayaw,wiktionary,
buylog,buylog,verb,accompany,,,https://en.wiktionary.org/wiki/buylog,wiktionary,
buyot,buyot,verb,a woven bag,,,https://en.wiktionary.org/wiki/buyot,wiktionary,
dab-ot,dab-ot,verb,to reach out,,,https://en.wiktionary.org/wiki/dab-ot,wiktionary,
dabadaba,dabadaba,verb,kindling,,,https://en.wiktionary.org/wiki/dabadaba,wiktionary,
dabdab,dabdab,verb,"kindle, light",,,https://en.wiktionary.org/wiki/dabdab,wiktionary,
dag-on,dag-on,verb,year,,,https://en.wiktionary.org/wiki/dag-on,wiktionary,
dagas,dagas,verb,lunge,,,https://en.wiktionary.org/wiki/dagas,wiktionary,
dagat,dagat,verb,sea,,,https://en.wiktionary.org/wiki/dagat,wiktionary,
dagsang,dagsang,verb,lunge,,,https://en.wiktionary.org/wiki/dagsang,wiktionary,
dagumak,dagumak,verb,to wear out from frequent use,,,https://en.wiktionary.org/wiki/dagumak,wiktionary,
dagyang,dagyang,verb,"enjoy oneself, frolic",,,https://en.wiktionary.org/wiki/dagyang,wiktionary,
dahog,dahog,verb,"shoot, tendril",,,https://en.wiktionary.org/wiki/dahog,wiktionary,
dakup,dakup,verb,"to catch, to apprehend, to arrest, to capture",,,https://en.wiktionary.org/wiki/dakup,wiktionary,
dala,dala,verb,"(historical) The currency of Hawaii between 1847 and 1898, equal to the United States dollar.",,,https://en.wiktionary.org/wiki/dala,wiktionary,
dalang-dalang,dalang-dalang,verb,astray,,,https://en.wiktionary.org/wiki/dalang-dalang,wiktionary,
dalaw,dalaw,verb,"visit, visitation",,,https://en.wiktionary.org/wiki/dalaw,wiktionary,
daldal,daldal,verb,"loquacity, talkativeness",,,https://en.wiktionary.org/wiki/daldal,wiktionary,
dalhon,dalhon,verb,to bring; to carry,,,https://en.wiktionary.org/wiki/dalhon,wiktionary,
dalin-as,dalin-as,verb,"skid, slip, slide",,,https://en.wiktionary.org/wiki/dalin-as,wiktionary,
dalok,dalok,verb,"greedy, gluttonous",,,https://en.wiktionary.org/wiki/dalok,wiktionary,
dalum,dalum,verb,(of depth) deep,,,https://en.wiktionary.org/wiki/dalum,wiktionary,
daman,daman,verb,The rock hyrax.,,,https://en.wiktionary.org/wiki/daman,wiktionary,
damgohon,damgohon,verb,to dream,,,https://en.wiktionary.org/wiki/damgohon,wiktionary,
damo,damo,verb,"(chess, card games) queen",,,https://en.wiktionary.org/wiki/damo,wiktionary,
dampig,dampig,verb,"aid, help, support",,,https://en.wiktionary.org/wiki/dampig,wiktionary,
dangat,dangat,verb,(Naga) love; affection; endearment,,,https://en.wiktionary.org/wiki/dangat,wiktionary,
dangaw,dangaw,verb,"a handspan (the distance measured by a human hand, from the tip of the thumb to the tip of the little finger)",,,https://en.wiktionary.org/wiki/dangaw,wiktionary,
danggot,danggot,verb,wean,,,https://en.wiktionary.org/wiki/danggot,wiktionary,
dapig,dapig,verb,"companion, partner",,,https://en.wiktionary.org/wiki/dapig,wiktionary,
dapit,dapit,verb,regarding; about,,,https://en.wiktionary.org/wiki/dapit,wiktionary,
daplos,daplos,verb,"(Legazpi, Sorsogon) sweat, perspiration",,,https://en.wiktionary.org/wiki/daplos,wiktionary,
daroos,daroos,verb,a severe cough,,,https://en.wiktionary.org/wiki/daroos,wiktionary,
daskon,daskon,verb,cram,,,https://en.wiktionary.org/wiki/daskon,wiktionary,
daug,daug,verb,romanization of 𐌳𐌰𐌿𐌲,,,https://en.wiktionary.org/wiki/daug,wiktionary,
daut,daut,verb,nonstandard spelling of daot,,,https://en.wiktionary.org/wiki/daut,wiktionary,
dawat,dawat,verb,to receive,,,https://en.wiktionary.org/wiki/dawat,wiktionary,
dawdaw,dawdaw,verb,"turn, spin",,,https://en.wiktionary.org/wiki/dawdaw,wiktionary,
dawhat,dawhat,verb,receive,,,https://en.wiktionary.org/wiki/dawhat,wiktionary,
deskarga,deskarga,verb,unloading,,,https://en.wiktionary.org/wiki/deskarga,wiktionary,
dikta,dikta,verb,dictate,,,https://en.wiktionary.org/wiki/dikta,wiktionary,
dingot,dingot,verb,nominative plural of dingo,,,https://en.wiktionary.org/wiki/dingot,wiktionary,
dis-og,dis-og,verb,"jostle, push",,,https://en.wiktionary.org/wiki/dis-og,wiktionary,
dogsing,dogsing,verb,"to nudge or stroke, often flirtatiously",,,https://en.wiktionary.org/wiki/dogsing,wiktionary,
dohol,dohol,verb,"A type of percussion instrument used in Iran, Afghanistan and Kurdistan.",,,https://en.wiktionary.org/wiki/dohol,wiktionary,
dool,dool,verb,inflection of dolen: first-person singular present indicative (in case of inversion) second-person singular present indicative imperative,,,https://en.wiktionary.org/wiki/dool,wiktionary,possible_non_hiligaynon_inflection
duag,duag,verb,stave,,,https://en.wiktionary.org/wiki/duag,wiktionary,
dugang,dugang,verb,(formal) addition; act of adding something,,,https://en.wiktionary.org/wiki/dugang,wiktionary,
dugmok,dugmok,verb,"to break by applying pressure or weight, to crush",,,https://en.wiktionary.org/wiki/dugmok,wiktionary,
dugus,dugus,verb,the best part of a thing,,,https://en.wiktionary.org/wiki/dugus,wiktionary,
duha,duha,verb,two,,,https://en.wiktionary.org/wiki/duha,wiktionary,
duha-duha,duha-duha,verb,by pairs; two by two; two at a time,,,https://en.wiktionary.org/wiki/duha-duha,wiktionary,
duko,duko,verb,"stoop, act of bending over",,,https://en.wiktionary.org/wiki/duko,wiktionary,
dula,dula,verb,game,,,https://en.wiktionary.org/wiki/dula,wiktionary,
dulum,dulum,verb,darkness; gloom,,,https://en.wiktionary.org/wiki/dulum,wiktionary,
dulumugan,dulumugan,verb,swarm,,,https://en.wiktionary.org/wiki/dulumugan,wiktionary,
dumaay,dumaay,verb,fade,,,https://en.wiktionary.org/wiki/dumaay,wiktionary,
dumagaya,dumagaya,verb,flourish,,,https://en.wiktionary.org/wiki/dumagaya,wiktionary,
dumagsa,dumagsa,verb,the northeast monsoon,,,https://en.wiktionary.org/wiki/dumagsa,wiktionary,
dumar,dumar,verb,"tame, train",,,https://en.wiktionary.org/wiki/dumar,wiktionary,
dumayon,dumayon,verb,enter,,,https://en.wiktionary.org/wiki/dumayon,wiktionary,
dumdum,dumdum,verb,"A soft-nosed bullet that expands on impact to cause a gaping wound. March 1920, Alice Ballantine Kirjassoff, “FORMOSA THE BEAUTIFUL”, in National Geographic Magazine‎[1], page 267:He related to us how the savages make bullets from the heart of a very hard wood cured by a special process. These bullets are only effectual when fired from a short range, and when they lodge in the flesh they explode like dumdum bullets.(He here refers to Tim Soan, a Taiwanese aboriginal person)",,,https://en.wiktionary.org/wiki/dumdum,wiktionary,
dumili,dumili,verb,prohibit,,,https://en.wiktionary.org/wiki/dumili,wiktionary,
dumugo,dumugo,verb,bleed,,,https://en.wiktionary.org/wiki/dumugo,wiktionary,
dumugok,dumugok,verb,attend,,,https://en.wiktionary.org/wiki/dumugok,wiktionary,
dumukot,dumukot,verb,to stick,,,https://en.wiktionary.org/wiki/dumukot,wiktionary,
dumulog,dumulog,verb,pause,,,https://en.wiktionary.org/wiki/dumulog,wiktionary,
dumungka,dumungka,verb,"harbor, land",,,https://en.wiktionary.org/wiki/dumungka,wiktionary,
dunoton,dunoton,verb,crush,,,https://en.wiktionary.org/wiki/dunoton,wiktionary,
dupak,dupak,verb,"dirty, foul, obscene, smutty",,,https://en.wiktionary.org/wiki/dupak,wiktionary,
duyanon,duyanon,verb,swing,,,https://en.wiktionary.org/wiki/duyanon,wiktionary,
eksamen,eksamen,verb,"examination, exam (formal test)",,,https://en.wiktionary.org/wiki/eksamen,wiktionary,
eskuwela,eskuwela,verb,school; learning institute,,,https://en.wiktionary.org/wiki/eskuwela,wiktionary,
fuersa,fuersa,verb,"force, strength, vigor",,,https://en.wiktionary.org/wiki/fuersa,wiktionary,
gaang,gaang,verb,"to heat, warm",,,https://en.wiktionary.org/wiki/gaang,wiktionary,
gabuk,gabuk,verb,"rotten, decayed, decomposed",,,https://en.wiktionary.org/wiki/gabuk,wiktionary,
gabut,gabut,verb,"to pull out, to extract, to uproot",,,https://en.wiktionary.org/wiki/gabut,wiktionary,
galing,galing,verb,present participle and gerund of gale,,,https://en.wiktionary.org/wiki/galing,wiktionary,
gamit,gamit,verb,to use,,,https://en.wiktionary.org/wiki/gamit,wiktionary,
ganyat,ganyat,verb,past participle of ganyar,,,https://en.wiktionary.org/wiki/ganyat,wiktionary,
gapas,gapas,verb,sickle,,,https://en.wiktionary.org/wiki/gapas,wiktionary,
garuk,garuk,verb,filth,,,https://en.wiktionary.org/wiki/garuk,wiktionary,
gasolina,gasolina,verb,"gasoline, petrol (motor fuel)",,,https://en.wiktionary.org/wiki/gasolina,wiktionary,
gatasan,gatasan,verb,the spotfin lionfish (Pterois antennata),,,https://en.wiktionary.org/wiki/gatasan,wiktionary,
gatong,gatong,verb,firewood; fuel,,,https://en.wiktionary.org/wiki/gatong,wiktionary,
gaway,gaway,verb,tentacle,,,https://en.wiktionary.org/wiki/gaway,wiktionary,
gikas,gikas,verb,to cut off or diminish,,,https://en.wiktionary.org/wiki/gikas,wiktionary,
gisa,gisa,verb,"way, manner",,,https://en.wiktionary.org/wiki/gisa,wiktionary,
gision,gision,verb,"to rip, to tear",,,https://en.wiktionary.org/wiki/gision,wiktionary,
giyan,giyan,verb,"desire, inclination, liking for",,,https://en.wiktionary.org/wiki/giyan,wiktionary,
godgod,godgod,verb,"follow up, look for, search for",,,https://en.wiktionary.org/wiki/godgod,wiktionary,
gub-on,gub-on,verb,disrupt,,,https://en.wiktionary.org/wiki/gub-on,wiktionary,
guyod,guyod,verb,a drag,,,https://en.wiktionary.org/wiki/guyod,wiktionary,
habok,habok,verb,to swell,,,https://en.wiktionary.org/wiki/habok,wiktionary,
haboy,haboy,verb,"fling, hurl",,,https://en.wiktionary.org/wiki/haboy,wiktionary,
hagad,hagad,verb,to ask for something,,,https://en.wiktionary.org/wiki/hagad,wiktionary,
hagmak,hagmak,verb,fall down,,,https://en.wiktionary.org/wiki/hagmak,wiktionary,
hagna,hagna,verb,"motion, proposal",,,https://en.wiktionary.org/wiki/hagna,wiktionary,
haguk,haguk,verb,grasshopper (generic term),,,https://en.wiktionary.org/wiki/haguk,wiktionary,
hagumhum,hagumhum,verb,to hum or coo,,,https://en.wiktionary.org/wiki/hagumhum,wiktionary,
hagunung,hagunung,verb,boom,,,https://en.wiktionary.org/wiki/hagunung,wiktionary,
hagung,hagung,verb,"to hum, coo",,,https://en.wiktionary.org/wiki/hagung,wiktionary,
hagunghung,hagunghung,verb,a rumbling sound,,,https://en.wiktionary.org/wiki/hagunghung,wiktionary,
hagup,hagup,verb,to be tame,,,https://en.wiktionary.org/wiki/hagup,wiktionary,
halab,halab,verb,graze,,,https://en.wiktionary.org/wiki/halab,wiktionary,
halay,halay,verb,hang,,,https://en.wiktionary.org/wiki/halay,wiktionary,
halin,halin,verb,to transfer,,,https://en.wiktionary.org/wiki/halin,wiktionary,
halit,halit,verb,"(transitive, poetic) to cover",,,https://en.wiktionary.org/wiki/halit,wiktionary,
halokhok,halokhok,verb,grunt,,,https://en.wiktionary.org/wiki/halokhok,wiktionary,
halong,halong,verb,to handle with care,,,https://en.wiktionary.org/wiki/halong,wiktionary,
halunhun,halunhun,verb,"gulp down, swallow",,,https://en.wiktionary.org/wiki/halunhun,wiktionary,
hambadan,hambadan,verb,scorn,,,https://en.wiktionary.org/wiki/hambadan,wiktionary,
handa,handa,verb,prepared,,,https://en.wiktionary.org/wiki/handa,wiktionary,
hikog,hikog,verb,to hang oneself,,,https://en.wiktionary.org/wiki/hikog,wiktionary,
hiliugyon,hiliugyon,verb,to unite,,,https://en.wiktionary.org/wiki/hiliugyon,wiktionary,
hinlo,hinlo,verb,"smooth, level",,,https://en.wiktionary.org/wiki/hinlo,wiktionary,
hingap-us,hingap-us,verb,to commit suicide by hanging,,,https://en.wiktionary.org/wiki/hingap-us,wiktionary,
hiphip,hiphip,verb,bribe,,,https://en.wiktionary.org/wiki/hiphip,wiktionary,
hubu,hubu,verb,accusative singular of huba,,,https://en.wiktionary.org/wiki/hubu,wiktionary,
hukson,hukson,verb,"detach, dismount",,,https://en.wiktionary.org/wiki/hukson,wiktionary,
hutik,hutik,verb,whisper,,,https://en.wiktionary.org/wiki/hutik,wiktionary,
huyop,huyop,verb,to blow,,,https://en.wiktionary.org/wiki/huyop,wiktionary,
ikog,ikog,verb,tail,,,https://en.wiktionary.org/wiki/ikog,wiktionary,
ilig,ilig,verb,tooth,,,https://en.wiktionary.org/wiki/ilig,wiktionary,
itot,itot,verb,to have sexual intercourse with someone,,,https://en.wiktionary.org/wiki/itot,wiktionary,
iyot,iyot,verb,(vulgar) coitus; sexual intercourse,,,https://en.wiktionary.org/wiki/iyot,wiktionary,
kadton,kadton,verb,bite,,,https://en.wiktionary.org/wiki/kadton,wiktionary,
kalikog,kalikog,verb,to clean; to probe,,,https://en.wiktionary.org/wiki/kalikog,wiktionary,
kalis,kalis,verb,A Filipino sword akin to the kris.,,,https://en.wiktionary.org/wiki/kalis,wiktionary,
kamao,kamao,verb,"An extinct bird of Hawaii, Myadestes myadestinus.",,,https://en.wiktionary.org/wiki/kamao,wiktionary,
kaon,kaon,verb,"(particle physics) any of four unstable subatomic particles, mesons, they are a combination of a strange quark or antiquark and either an up or down quark or antiquark K0: strange quark + down antiquark K0* (antiparticle of K0): down quark + strange antiquark K+: strange quark + up antiquark K- (antiparticle of K+): up quark + strange antiquark",,,https://en.wiktionary.org/wiki/kaon,wiktionary,
kapay,kapay,verb,crazy; insane,,,https://en.wiktionary.org/wiki/kapay,wiktionary,
kasal,kasal,verb,charcoal,,,https://en.wiktionary.org/wiki/kasal,wiktionary,
kasla,kasla,verb,imperative passive of kasál,,,https://en.wiktionary.org/wiki/kasla,wiktionary,
kaulangan,kaulangan,verb,handicap,,,https://en.wiktionary.org/wiki/kaulangan,wiktionary,
kawing,kawing,verb,present participle and gerund of kaw,,,https://en.wiktionary.org/wiki/kawing,wiktionary,
kinam,kinam,verb,taste,,,https://en.wiktionary.org/wiki/kinam,wiktionary,
kinaw,kinaw,verb,"glisten, shine, sparkle",,,https://en.wiktionary.org/wiki/kinaw,wiktionary,
kinot,kinot,verb,nominative plural of kino,,,https://en.wiktionary.org/wiki/kinot,wiktionary,
kita,kita,verb,we (inclusive),,,https://en.wiktionary.org/wiki/kita,wiktionary,
lag-it,lag-it,verb,"cheat, imposter, sneak, swindler, trickster",,,https://en.wiktionary.org/wiki/lag-it,wiktionary,
laham,laham,verb,"to touch, feel",,,https://en.wiktionary.org/wiki/laham,wiktionary,
lakon,lakon,verb,genitive singular of lakko,,,https://en.wiktionary.org/wiki/lakon,wiktionary,
lakum,lakum,verb,to deceive; to cheat; to swindle,,,https://en.wiktionary.org/wiki/lakum,wiktionary,
lala,lala,verb,Alternative form of ilala.,,,https://en.wiktionary.org/wiki/lala,wiktionary,
lala-lala,lala-lala,verb,diminutive of lála,,,https://en.wiktionary.org/wiki/lala-lala,wiktionary,
lansang,lansang,verb,nail (metal pin),,,https://en.wiktionary.org/wiki/lansang,wiktionary,
laplap,laplap,verb,to drive out; to chase away; to drive,,,https://en.wiktionary.org/wiki/laplap,wiktionary,
lapuyot,lapuyot,verb,"thick, condensed, coagulated",,,https://en.wiktionary.org/wiki/lapuyot,wiktionary,
laum,laum,verb,alternative form of laom,,,https://en.wiktionary.org/wiki/laum,wiktionary,
law-ay,law-ay,verb,vulgar; debased,,,https://en.wiktionary.org/wiki/law-ay,wiktionary,
layi,layi,verb,adultery,,,https://en.wiktionary.org/wiki/layi,wiktionary,
likay,likay,verb,avoidance of danger by moving suddenly out of the way,,,https://en.wiktionary.org/wiki/likay,wiktionary,
lima,lima,verb,Alternative letter-case form of Lima of the ICAO/NATO radiotelephony alphabet.,,,https://en.wiktionary.org/wiki/lima,wiktionary,
linaw,linaw,verb,"clarity, clearness",,,https://en.wiktionary.org/wiki/linaw,wiktionary,
lipay,lipay,verb,(Naga) caterpillar,,,https://en.wiktionary.org/wiki/lipay,wiktionary,
luab,luab,verb,collar,,,https://en.wiktionary.org/wiki/luab,wiktionary,
luhod,luhod,verb,kneeling,,,https://en.wiktionary.org/wiki/luhod,wiktionary,
lulus,lulus,verb,plural of lulu,,,https://en.wiktionary.org/wiki/lulus,wiktionary,
lumilaw,lumilaw,verb,doze,,,https://en.wiktionary.org/wiki/lumilaw,wiktionary,
luta,luta,verb,first-person singular aorist of lut,,,https://en.wiktionary.org/wiki/luta,wiktionary,
mabalong,mabalong,verb,to get drunk; to intoxicate,,,https://en.wiktionary.org/wiki/mabalong,wiktionary,
magbukal,magbukal,verb,"to seethe, to bubble, to produce foam",,,https://en.wiktionary.org/wiki/magbukal,wiktionary,
magbulig,magbulig,verb,"to aid, to help",,,https://en.wiktionary.org/wiki/magbulig,wiktionary,
magdamgo,magdamgo,verb,to dream,,,https://en.wiktionary.org/wiki/magdamgo,wiktionary,
maghatag sing kinahanglan,maghatag sing kinahanglan,verb,supply,,,https://en.wiktionary.org/wiki/maghatag_sing_kinahanglan,wiktionary,
mahubog,mahubog,verb,(Sorsogon) to get drunk,,,https://en.wiktionary.org/wiki/mahubog,wiktionary,
matay,matay,verb,to die,,,https://en.wiktionary.org/wiki/matay,wiktionary,
multa,multa,verb,fine,,,https://en.wiktionary.org/wiki/multa,wiktionary,
ngithil,ngithil,verb,"to whine, whimper",,,https://en.wiktionary.org/wiki/ngithil,wiktionary,
paabat,paabat,verb,causative of ábat,,,https://en.wiktionary.org/wiki/paabat,wiktionary,
paabay,paabay,verb,causative of abáy,,,https://en.wiktionary.org/wiki/paabay,wiktionary,
paagaw,paagaw,verb,causative of ágao,,,https://en.wiktionary.org/wiki/paagaw,wiktionary,
paalam,paalam,verb,causative of álam,,,https://en.wiktionary.org/wiki/paalam,wiktionary,
pahalin,pahalin,verb,causative of hálin,,,https://en.wiktionary.org/wiki/pahalin,wiktionary,
pahat,pahat,verb,"a share; a portion of something, especially a portion given or allotted to someone",,,https://en.wiktionary.org/wiki/pahat,wiktionary,
pahat-pahat,pahat-pahat,verb,diminutive of páhat,,,https://en.wiktionary.org/wiki/pahat-pahat,wiktionary,
pamulut,pamulut,verb,frequentative of púlut,,,https://en.wiktionary.org/wiki/pamulut,wiktionary,
pamuyayaw,pamuyayaw,verb,frequentative of buyáyaw,,,https://en.wiktionary.org/wiki/pamuyayaw,wiktionary,
pangalikog,pangalikog,verb,a probe,,,https://en.wiktionary.org/wiki/pangalikog,wiktionary,
pasahi,pasahi,verb,"extraordinary, exceptional, remarkable",,,https://en.wiktionary.org/wiki/pasahi,wiktionary,
patalum,patalum,verb,to sharpen or hone a blade,,,https://en.wiktionary.org/wiki/patalum,wiktionary,
pilak,pilak,verb,silver,,,https://en.wiktionary.org/wiki/pilak,wiktionary,
piyansa,piyansa,verb,(law) bail,,,https://en.wiktionary.org/wiki/piyansa,wiktionary,
pulut,pulut,verb,nominative plural of pulu,,,https://en.wiktionary.org/wiki/pulut,wiktionary,
pungko,pungko,verb,to squat; to crouch,,,https://en.wiktionary.org/wiki/pungko,wiktionary,
sabak,sabak,verb,alternative form of sabat,,,https://en.wiktionary.org/wiki/sabak,wiktionary,
sablay,sablay,verb,hanging of clothes,,,https://en.wiktionary.org/wiki/sablay,wiktionary,
sabtanay,sabtanay,verb,to answer,,,https://en.wiktionary.org/wiki/sabtanay,wiktionary,
sadsad,sadsad,verb,to dance,,,https://en.wiktionary.org/wiki/sadsad,wiktionary,
sagup,sagup,verb,"rescue, save",,,https://en.wiktionary.org/wiki/sagup,wiktionary,
sal-on,sal-on,verb,catch,,,https://en.wiktionary.org/wiki/sal-on,wiktionary,
samad,samad,verb,cut,,,https://en.wiktionary.org/wiki/samad,wiktionary,
samit,samit,verb,(phonetics) consonant cingiltili samitlər ― voiced consonants kar samitlər ― voiceless consonants,,,https://en.wiktionary.org/wiki/samit,wiktionary,
sapding,sapding,verb,"touch, graze, come in contact with",,,https://en.wiktionary.org/wiki/sapding,wiktionary,
saylo,saylo,verb,to overshoot; to go past something; to go too far,,,https://en.wiktionary.org/wiki/saylo,wiktionary,
sid-o,sid-o,verb,hiccup,,,https://en.wiktionary.org/wiki/sid-o,wiktionary,
sikdo,sikdo,verb,hiccup,,,https://en.wiktionary.org/wiki/sikdo,wiktionary,
sugod,sugod,verb,"sting (of a bee, wasp, etc.)",,,https://en.wiktionary.org/wiki/sugod,wiktionary,
sulud,sulud,verb,nominative plural of sulg,,,https://en.wiktionary.org/wiki/sulud,wiktionary,
tandog,tandog,verb,"feel, touch",,,https://en.wiktionary.org/wiki/tandog,wiktionary,
tanyag,tanyag,verb,"offer, proffer",,,https://en.wiktionary.org/wiki/tanyag,wiktionary,
tanga,tanga,verb,"(historical) Any of various former Asian coins, including: a coin of Portuguese India worth one tenth of a rupee; a gold coin of India issued by various Muslim rulers; a silver coin of India, also issued by Muslim rulers; and a former silver coin of Tibet.",,,https://en.wiktionary.org/wiki/tanga,wiktionary,
tangis,tangis,verb,plural of tangi,,,https://en.wiktionary.org/wiki/tangis,wiktionary,
tangkugo,tangkugo,verb,(anatomy) nape,,,https://en.wiktionary.org/wiki/tangkugo,wiktionary,
tapan,tapan,verb,Alternative form of tupan (“kind of drum”).,,,https://en.wiktionary.org/wiki/tapan,wiktionary,
taya,taya,verb,bet; wager,,,https://en.wiktionary.org/wiki/taya,wiktionary,
telepono,telepono,verb,telephone,,,https://en.wiktionary.org/wiki/telepono,wiktionary,
timawa,timawa,verb,impoverished,,,https://en.wiktionary.org/wiki/timawa,wiktionary,
tindak,tindak,verb,kick,,,https://en.wiktionary.org/wiki/tindak,wiktionary,
toktok,toktok,verb,to knock,,,https://en.wiktionary.org/wiki/toktok,wiktionary,
tubig,tubig,verb,water,,,https://en.wiktionary.org/wiki/tubig,wiktionary,
tugot,tugot,verb,to allow; to permit,,,https://en.wiktionary.org/wiki/tugot,wiktionary,
tulak,tulak,verb,to go,,,https://en.wiktionary.org/wiki/tulak,wiktionary,
tulug,tulug,verb,to sleep,,,https://en.wiktionary.org/wiki/tulug,wiktionary,
upod,upod,verb,"too, also, as well as",,,https://en.wiktionary.org/wiki/upod,wiktionary,
uswag,uswag,verb,to progress; to develop; to advance,,,https://en.wiktionary.org/wiki/uswag,wiktionary,
utang,utang,verb,debt,,,https://en.wiktionary.org/wiki/utang,wiktionary,
utud,utud,verb,something cut off or broken off,,,https://en.wiktionary.org/wiki/utud,wiktionary,
utud-utud,utud-utud,verb,diminutive of utúd: to cut something off,,,https://en.wiktionary.org/wiki/utud-utud,wiktionary,
uyon,uyon,verb,act of agreeing,,,https://en.wiktionary.org/wiki/uyon,wiktionary,
wala,wala,verb,Alternative spelling of wallah.,,,https://en.wiktionary.org/wiki/wala,wiktionary,
